timestamp,lat,lon,current_speed,free_flow_speed
2024-01-01 00:00:00,28.507592605120063,77.24500425441511,44.17484323924926,73.24244083710704
2024-01-01 01:00:00,28.463924355376367,77.25197731232961,29.16129675674267,76.98079211536466
2024-01-01 02:00:00,28.654635054629736,77.24265354201734,57.33102548229237,68.10304849756255
2024-01-01 03:00:00,28.653760237140535,77.15985640360671,29.60882407971782,77.49186866155944
2024-01-01 04:00:00,28.666869136994052,77.10984502724848,66.71835692314758,86.67057856397794
2024-01-01 05:00:00,28.533026954505388,77.27774918167624,63.854469792091685,73.97838943990482
2024-01-01 06:00:00,28.510061833096135,77.12178778226829,46.5918899928575,61.93617166028588
2024-01-01 07:00:00,28.43668846422486,77.38038049528676,47.88393406103807,62.76852662486136
2024-01-01 08:00:00,28.409789810937003,77.20265946891033,55.23449586963865,84.91526743666662
2024-01-01 09:00:00,28.618860485909046,77.08037920643176,68.39876074353394,78.05002701929092
2024-01-01 10:00:00,28.601587251300426,77.12738536764606,67.03959997706457,61.70992018777287
2024-01-01 11:00:00,28.485137704716372,77.12907701904147,75.10717974518289,75.4770729771277
2024-01-01 12:00:00,28.57141483998724,77.23574307983726,77.48325003612364,86.5871273702426
2024-01-01 13:00:00,28.567635346216726,77.27553533451645,50.19989928954675,77.27390671937205
2024-01-01 14:00:00,28.549994465630874,77.28553466486434,24.218231477803073,70.25825983226657
2024-01-01 15:00:00,28.544610161303254,77.18789189688106,72.42331273850418,84.99273134090413
2024-01-01 16:00:00,28.638217029312024,77.19949832714812,47.91549396136354,79.42779398942457
2024-01-01 17:00:00,28.42009327070264,77.34009865647639,46.66865967121836,89.85962791962584
2024-01-01 18:00:00,28.521995234509504,77.10661478059794,43.48493407802679,82.0644423055074
2024-01-01 19:00:00,28.43784566517641,77.33568082191915,51.981062358455304,70.40920499713917
2024-01-01 20:00:00,28.450277343706023,77.3749340838969,56.70650569422678,82.51579651809979
2024-01-01 21:00:00,28.420284762260618,77.35517777607461,25.31907299664455,87.01179121769758
2024-01-01 22:00:00,28.61523902958957,77.36383800585274,41.51353643925482,70.4820408028963
2024-01-01 23:00:00,28.64507616098949,77.27798098312006,31.182181111282667,80.50844647999656
2024-01-02 00:00:00,28.676253453528613,77.10473834963993,40.56880527981526,66.93628027312552
2024-01-02 01:00:00,28.554614657846514,77.26617014671558,25.55460065750824,60.800829166600735
2024-01-02 02:00:00,28.53450775015392,77.09053380453537,76.52155071838851,78.55961305196776
2024-01-02 03:00:00,28.592841781553908,77.13783228866812,69.97617372911188,87.29147408780194
2024-01-02 04:00:00,28.623387049559362,77.00651224254548,35.01776605275281,83.0929348599017
2024-01-02 05:00:00,28.69253548976076,77.03080540950216,59.894093788823035,62.68198868439735
2024-01-02 06:00:00,28.559945695821902,77.23470401429874,25.52658001826137,82.32211529405846
2024-01-02 07:00:00,28.44957138576597,77.18975975679878,63.34436964727453,73.18406658706829
2024-01-02 08:00:00,28.521320903026822,77.13340763883838,20.86056970414208,69.46005060185593
2024-01-02 09:00:00,28.654205955620203,77.16000916277632,45.456972309617754,82.94129845890697
2024-01-02 10:00:00,28.464547640122,77.00740332156698,79.80443330714911,86.93991164452525
2024-01-02 11:00:00,28.680879567718137,77.28345377358485,66.0862381201789,88.83905439574481
2024-01-02 12:00:00,28.619646271164633,77.09305603082575,29.364234566673098,85.30169987002672
2024-01-02 13:00:00,28.63667212296198,77.3791233296573,56.91371216253397,88.95542081228476
2024-01-02 14:00:00,28.551274407484783,77.34749688348087,55.03470106267676,77.33933787807834
2024-01-02 15:00:00,28.507439620970537,77.38088031578374,54.73358700723156,67.51563768914683
2024-01-02 16:00:00,28.475354940615823,77.32215252094424,33.75030494144145,62.750837085098105
2024-01-02 17:00:00,28.411387072893202,77.18607725040916,36.44018211338842,61.53496848551002
2024-01-02 18:00:00,28.440292830424944,77.12213360451784,78.05564906758946,87.09700307153264
2024-01-02 19:00:00,28.68746058817624,77.26096287347028,61.93852580743536,69.61634561317922
2024-01-02 20:00:00,28.55916600397204,77.0527344352349,27.74179946420496,60.15242460856009
2024-01-02 21:00:00,28.683078280672962,77.1663967572946,34.14633708596476,80.47720144540477
2024-01-02 22:00:00,28.421652333505385,77.08158302824936,45.91700030478775,68.07053255387973
2024-01-02 23:00:00,28.45269650844834,77.22242911508972,49.60176646392035,86.60488277995323
2024-01-03 00:00:00,28.420512257105443,77.33889123747976,68.3719051493617,75.16034612366718
2024-01-03 01:00:00,28.545981113802007,77.36392563213847,57.69320396106,64.48736598907678
2024-01-03 02:00:00,28.653213558898788,77.17421275234427,55.074596232573825,74.06173676581983
2024-01-03 03:00:00,28.425068830457054,77.18077999154214,23.561778118529936,72.71974389308275
2024-01-03 04:00:00,28.40953909342877,77.35253203069199,21.93068571068243,70.3794817748818
2024-01-03 05:00:00,28.63649445472173,77.0787002673567,30.150350994779096,60.17208471419945
2024-01-03 06:00:00,28.491740198377745,77.17354126618086,50.456549682722354,81.3260841866252
2024-01-03 07:00:00,28.46511023793456,77.33662021830224,47.693793768245655,78.36434945720488
2024-01-03 08:00:00,28.56957742087383,77.3344006281626,63.98432891247513,82.79508630609861
2024-01-03 09:00:00,28.490600424564,77.31023908457362,30.80074175527018,81.63940641002563
2024-01-03 10:00:00,28.422207870509233,77.25121723606894,48.438237827980444,85.32843408811465
2024-01-03 11:00:00,28.650094497261247,77.35076476859601,20.111932715555113,66.95693746302001
2024-01-03 12:00:00,28.49589383151618,77.357934852038,33.882597824854265,89.72318344412525
2024-01-03 13:00:00,28.417158738691224,77.08607777979432,67.06189354873129,85.76716962006432
2024-01-03 14:00:00,28.693468113541087,77.2069197948689,28.67935330679254,80.15244705929769
2024-01-03 15:00:00,28.60452575148875,77.04796291438888,60.007019961350856,71.00519517103157
2024-01-03 16:00:00,28.478177795233563,77.36799720486395,29.860193285162335,85.71347017802856
2024-01-03 17:00:00,28.431101093871796,77.34738235579601,50.778787985645394,83.25354202196456
2024-01-03 18:00:00,28.57881489977257,77.07651829507573,34.45964056487279,67.417477562925
2024-01-03 19:00:00,28.40561098381572,77.36191059505514,75.9617855001469,67.50376907752842
2024-01-03 20:00:00,28.680146631991917,77.08758637045177,46.642381306018216,64.31379405845856
2024-01-03 21:00:00,28.428162808180215,77.10436228221832,73.56025265759348,85.16177476761287
2024-01-03 22:00:00,28.624650720138856,77.36518418334609,50.07304017648235,88.35485104063359
2024-01-03 23:00:00,28.481174836306778,77.22663747388712,39.761793691982064,62.9021806328707
2024-01-04 00:00:00,28.51157697129975,77.00254310055396,55.79631404096523,89.22133724443306
2024-01-04 01:00:00,28.697628260329964,77.0806299960749,73.144919062966,76.1491866027807
2024-01-04 02:00:00,28.43215315691831,77.13949919261681,28.241700734410834,65.0149246492898
2024-01-04 03:00:00,28.67249867383792,77.19162080622145,22.18556979472347,89.96660431183405
2024-01-04 04:00:00,28.40748789687327,77.26172043299398,52.49674350846219,61.79656698265911
2024-01-04 05:00:00,28.682893867896798,77.32277809988594,75.69654085035155,61.51443207610043
2024-01-04 06:00:00,28.57043820023154,77.23062741236438,26.86055893982006,70.32299264510439
2024-01-04 07:00:00,28.41253783611664,77.38876152142396,49.79570787189428,75.77223280976719
2024-01-04 08:00:00,28.5479605982508,77.08902602833837,53.23439657156008,80.51072875796054
2024-01-04 09:00:00,28.60007697401329,77.10797809685373,29.41953075569766,73.00629391717764
2024-01-04 10:00:00,28.417778674283724,77.25810934693332,45.567779328005756,63.40593022702156
2024-01-04 11:00:00,28.534382114400376,77.13025284925176,37.54949924384715,64.92259078990091
2024-01-04 12:00:00,28.613711738902946,77.00629249680476,52.568823100797495,60.01611298881923
2024-01-04 13:00:00,28.639683973619093,77.04451457685823,35.63153634155297,77.44281068810922
2024-01-04 14:00:00,28.626345575499045,77.01015320462206,52.25148008002063,87.48826970159689
2024-01-04 15:00:00,28.412107068079695,77.15073043771183,78.27023750462567,67.8270509985076
2024-01-04 16:00:00,28.596580374575247,77.10542238976387,57.46835631077051,89.85901604342992
2024-01-04 17:00:00,28.634832204056423,77.03559923348726,59.564773271329486,80.97574857253574
2024-01-04 18:00:00,28.462930238536718,77.19579171361124,25.174855564467137,72.46617661992224
2024-01-04 19:00:00,28.55414799776322,77.30437955993405,53.13379885811906,79.97200012238355
2024-01-04 20:00:00,28.402807572794362,77.21165260699459,66.144808935725,70.81838981637068
2024-01-04 21:00:00,28.627836050325303,77.18178703395658,66.85261005698996,62.889839105897856
2024-01-04 22:00:00,28.448974899961065,77.0560726387004,40.099911580912604,74.66469210729932
2024-01-04 23:00:00,28.61446338597926,77.18338009302256,36.18174651756458,61.29649320704319
2024-01-05 00:00:00,28.602743783000992,77.04589248862713,60.57829353948126,64.20504359103835
2024-01-05 01:00:00,28.452013220468135,77.21420613786299,39.01004830103567,89.8217019709949
2024-01-05 02:00:00,28.431677839556436,77.14095711443396,58.04908587101734,82.83958104070321
2024-01-05 03:00:00,28.518266386094464,77.00099162336855,76.90434834323584,88.50802898285586
2024-01-05 04:00:00,28.429152235583498,77.16465069558089,43.96527584185645,77.6359983135932
2024-01-05 05:00:00,28.564280480472643,77.39163984049478,66.28083965101774,60.51168948869373
2024-01-05 06:00:00,28.419326748595267,77.0395271081754,73.66468634940699,88.98513361670533
2024-01-05 07:00:00,28.68635462206707,77.06136025322988,35.738565102569055,63.913196142536094
2024-01-05 08:00:00,28.48153780086437,77.30574882834111,39.24170312234145,83.24032547938961
2024-01-05 09:00:00,28.41344699191661,77.17473919646248,29.883768548633764,62.506249525647675
2024-01-05 10:00:00,28.652413282692518,77.14106114475489,29.637559195845782,85.58628003305296
2024-01-05 11:00:00,28.526476444400977,77.04782553469597,79.90651563683966,76.86593784405075
2024-01-05 12:00:00,28.50163982220199,77.15606966205604,58.269884802073406,73.20036219726181
2024-01-05 13:00:00,28.636076255550634,77.23330290163227,45.39863967969615,68.21421987068486
2024-01-05 14:00:00,28.478989443557275,77.04374215697403,57.351688065642,82.90282902139072
2024-01-05 15:00:00,28.41814890976755,77.08917418661237,21.9835641620138,66.54898936652089
2024-01-05 16:00:00,28.58876372494393,77.08114922178268,32.63509092097081,82.10269307608345
2024-01-05 17:00:00,28.510956301211653,77.26963274483862,60.50006744982413,64.26181116142281
2024-01-05 18:00:00,28.42224091540167,77.3207517594648,57.03355612395402,85.01843922105901
2024-01-05 19:00:00,28.57702226674831,77.00634540710087,48.846504019238196,70.86242915674737
2024-01-05 20:00:00,28.615172039044946,77.06714136230269,36.76190283162633,81.52390421421914
2024-01-05 21:00:00,28.521441196122613,77.08310569685177,41.07024782734479,83.3418657838278
2024-01-05 22:00:00,28.402763132815068,77.09015599765091,79.01234369639924,79.32871703874417
2024-01-05 23:00:00,28.532269155276957,77.14689479100846,22.116350789248223,83.60421866484688
2024-01-06 00:00:00,28.43384475026451,77.11586392356837,77.15043364067967,81.01430379054567
2024-01-06 01:00:00,28.606477401767382,77.25636227533661,68.84247796407612,88.2803246064031
2024-01-06 02:00:00,28.562883104759518,77.08806922317723,64.42109346344589,80.35066610417442
2024-01-06 03:00:00,28.600249366638835,77.1830723070133,72.52951191260954,73.9132615585636
2024-01-06 04:00:00,28.588771114204846,77.26501986433014,77.69547101316763,66.08836835806348
2024-01-06 05:00:00,28.444314911796823,77.09812682426278,37.529505788002666,84.07885576721792
2024-01-06 06:00:00,28.69734357314651,77.3108651145578,73.2141482530917,86.55664208179645
2024-01-06 07:00:00,28.598714415838952,77.36014287891946,29.673689354941615,69.60328442808299
2024-01-06 08:00:00,28.533179767851223,77.23080533870719,51.86520744998445,89.34485750623497
2024-01-06 09:00:00,28.402529292614798,77.196943974052,43.308686180726525,74.63482824600607
2024-01-06 10:00:00,28.425447468034253,77.28441732556408,31.5889824880168,74.59540641467883
2024-01-06 11:00:00,28.531341184689246,77.00707850593912,78.23842823861243,77.09812520412969
2024-01-06 12:00:00,28.4975621134176,77.00281295506277,64.30014623081826,77.72603238552486
2024-01-06 13:00:00,28.419492007953338,77.0450647412369,40.68942701654958,73.773576876539
2024-01-06 14:00:00,28.67199289994593,77.27900032844082,23.939738285619697,65.10431224542407
2024-01-06 15:00:00,28.659747478729724,77.22795121952244,41.527983771892266,75.02298577193298
2024-01-06 16:00:00,28.42477743502535,77.34945630132678,72.58081385560301,71.35995652540379
2024-01-06 17:00:00,28.426154543208053,77.32326339290866,37.30070819117297,84.21807824545652
2024-01-06 18:00:00,28.610321485406832,77.02630457588008,51.27960682845648,74.12404263203271
2024-01-06 19:00:00,28.48311196110099,77.29955880376698,75.06882214797251,66.52860891709526
2024-01-06 20:00:00,28.648288135570052,77.24510847393191,73.77053799863972,65.30588477659761
2024-01-06 21:00:00,28.565628510514642,77.20991166961082,57.13188544779332,66.73892988061361
2024-01-06 22:00:00,28.439293417253175,77.17312904583825,33.627520321110204,81.2045358006844
2024-01-06 23:00:00,28.493972820604544,77.0779589027493,79.83865203303273,85.06959255680394
2024-01-07 00:00:00,28.57684859171943,77.34474884762706,23.323577526552754,87.27846129440057
2024-01-07 01:00:00,28.58469870384079,77.08141659184689,22.438822691561406,65.66809753398739
2024-01-07 02:00:00,28.613203653340097,77.05922167229006,33.69299378673307,77.30542836947777
2024-01-07 03:00:00,28.607386154842963,77.37263850996001,67.78202682233098,83.85767221731064
2024-01-07 04:00:00,28.697927283090625,77.18529781462739,54.75451859118674,82.1276475827944
2024-01-07 05:00:00,28.49128063663071,77.29527571328421,63.468455792333515,62.13682929523737
2024-01-07 06:00:00,28.481970325799335,77.38623212267511,54.419242674315534,73.1593000305086
2024-01-07 07:00:00,28.53234600400879,77.01431549311265,73.25976444576631,69.10882035174502
2024-01-07 08:00:00,28.4738180354804,77.31833912097149,59.99905683552304,71.7193666817151
2024-01-07 09:00:00,28.485684897137965,77.29206872665526,50.849398887852885,67.4409310072347
2024-01-07 10:00:00,28.44819116815264,77.3506235937481,64.86528714375542,85.76256752621578
2024-01-07 11:00:00,28.475501595409273,77.3573698290066,66.74287279067067,63.44539632944461
2024-01-07 12:00:00,28.57588520523296,77.09014191541672,74.12844653269327,60.48628620988256
2024-01-07 13:00:00,28.572117708948205,77.29859865666766,37.11427299148353,71.14976447421651
2024-01-07 14:00:00,28.56934132938348,77.06045911246129,23.29453897958869,79.95266946964557
2024-01-07 15:00:00,28.45196439783162,77.33673306175672,71.48362949114573,74.65041819839632
2024-01-07 16:00:00,28.581561783072335,77.02661208307585,20.07875814907982,61.956878710300465
2024-01-07 17:00:00,28.516430616059402,77.21255624266276,40.46356988213415,68.18485358039695
2024-01-07 18:00:00,28.477707110767543,77.2116705134193,31.93275723930718,75.00791844575382
2024-01-07 19:00:00,28.408891810348827,77.26374037619793,76.9482094223783,69.43850728998488
2024-01-07 20:00:00,28.441714916640713,77.26683857992072,75.50520386230635,74.91993138363708
2024-01-07 21:00:00,28.520712199115774,77.32851746312345,59.626523321297434,72.76105303405194
2024-01-07 22:00:00,28.616125497694558,77.24224700510514,62.655273819889864,78.65495765667153
2024-01-07 23:00:00,28.45953289284325,77.16043658148563,23.839840907548485,86.70076136637246
2024-01-08 00:00:00,28.661354721977467,77.10580186038213,46.17036054919443,73.06498676463093
2024-01-08 01:00:00,28.679494248371164,77.35885935309503,60.1031812671601,66.15949979614045
2024-01-08 02:00:00,28.631645570033648,77.38758625047528,77.09091517178305,86.18006802774437
2024-01-08 03:00:00,28.505688310348802,77.22775266006903,52.910190865875116,86.56724131985048
2024-01-08 04:00:00,28.48866917400947,77.23302470842394,46.89721752618761,77.44463166016718
2024-01-08 05:00:00,28.536915656853424,77.33362912991373,50.76856915228859,72.03980483612733
2024-01-08 06:00:00,28.607822988128447,77.27004915500487,29.536688282496087,88.03724935540735
2024-01-08 07:00:00,28.636289000029972,77.01825966674612,73.20631158362744,68.79608005754127
2024-01-08 08:00:00,28.66951178069615,77.05846560380468,38.385013190985774,78.19894385622283
2024-01-08 09:00:00,28.512633037319773,77.32964067003033,71.56392243008301,74.17195195652091
2024-01-08 10:00:00,28.44352537313355,77.2254542669083,55.792916198206875,61.352719457244035
2024-01-08 11:00:00,28.59117805591637,77.00916447214728,76.47902403768798,87.74818179052923
2024-01-08 12:00:00,28.534433195002222,77.08805841831798,54.87372416587322,70.54357647237353
2024-01-08 13:00:00,28.519032227184773,77.39522156582767,34.25876432988926,85.77214613296516
2024-01-08 14:00:00,28.675809791175222,77.06265617042419,64.66354879548993,68.96558596700963
2024-01-08 15:00:00,28.58458875232175,77.2024655681435,77.59831649236526,82.33162180728021
2024-01-08 16:00:00,28.63658627735732,77.36540180171633,71.10918493802862,89.3854367982688
2024-01-08 17:00:00,28.461375677335813,77.09618931135425,66.22722613361759,63.106350577812826
2024-01-08 18:00:00,28.677376597645353,77.05894982805818,54.115283416140244,80.51387431119892
2024-01-08 19:00:00,28.4203990362413,77.18900082780307,65.88079037624308,82.3158726710805
2024-01-08 20:00:00,28.569015902251174,77.26389238616183,22.463416332125824,76.55033148871922
2024-01-08 21:00:00,28.612062705955072,77.1502436944064,34.73447551500208,82.55149954148197
2024-01-08 22:00:00,28.63256462242314,77.08679686799695,58.084448475611765,72.7385063050702
2024-01-08 23:00:00,28.56070716206514,77.07879494618511,67.4140075590457,74.98218640736032
2024-01-09 00:00:00,28.6511808116083,77.30611370326307,30.643222956049165,80.64406767854992
2024-01-09 01:00:00,28.568340488950955,77.34691661886008,44.363924451013254,75.17076255779322
2024-01-09 02:00:00,28.421513029172228,77.14997372415924,56.76583310655742,79.27900036479724
2024-01-09 03:00:00,28.655200736065737,77.38450284745849,29.868995110849994,64.62450822498388
2024-01-09 04:00:00,28.580622041586306,77.2011777725628,51.92966503205167,86.76050735033817
2024-01-09 05:00:00,28.47159057324456,77.34047695472752,45.767043709481875,89.58619175436581
2024-01-09 06:00:00,28.501936466463548,77.02851304856819,31.951459084644295,69.00713560805127
2024-01-09 07:00:00,28.636517071783594,77.01242234217102,74.173865580927,76.16641480083088
2024-01-09 08:00:00,28.591927301814255,77.36189879135898,63.6286034049057,77.54561261719763
2024-01-09 09:00:00,28.412434783616778,77.07046799208831,49.827679935560425,79.80557937041812
2024-01-09 10:00:00,28.65927846323272,77.20885045732821,71.8599114274149,79.03242773704146
2024-01-09 11:00:00,28.401241653976438,77.38667942275167,26.424857941686227,67.7939133412206
2024-01-09 12:00:00,28.50278668819125,77.1507050432317,27.04694259741441,66.73666900969522
2024-01-09 13:00:00,28.619454822586714,77.31737859144975,70.14688462284352,61.72664416269997
2024-01-09 14:00:00,28.59612586433615,77.36326102393261,71.79700594285028,61.58282235172322
2024-01-09 15:00:00,28.682085269721295,77.29441280313256,79.45606020511504,66.01795303315082
2024-01-09 16:00:00,28.40230242155258,77.08346711626285,58.735627554199574,60.17075899518575
2024-01-09 17:00:00,28.555459263587192,77.06233747569341,39.10728737603553,85.38211765859853
2024-01-09 18:00:00,28.475049401320145,77.37837585078653,39.468107286225184,71.02698804579444
2024-01-09 19:00:00,28.45151364151978,77.34281601011425,33.0305334668564,69.32855100475545
2024-01-09 20:00:00,28.49541611868523,77.37609418048294,31.638456445163136,74.2171863781749
2024-01-09 21:00:00,28.536995619882365,77.27373292661538,21.13053969094654,67.87102950508604
2024-01-09 22:00:00,28.564592393889633,77.33467877500847,61.383812516756784,84.50875970432585
2024-01-09 23:00:00,28.674646660247934,77.30524732659352,53.07070888018386,60.86974948134463
2024-01-10 00:00:00,28.41068909337846,77.21660958635279,63.96645155999305,73.95760291477694
2024-01-10 01:00:00,28.556495795933202,77.19275567266293,73.31717537619161,86.41036000338391
2024-01-10 02:00:00,28.456022990049355,77.05760297036312,74.99704836271152,65.39663203165188
2024-01-10 03:00:00,28.58953724349003,77.13086329446773,31.74323229790533,78.78857518788456
2024-01-10 04:00:00,28.481068437858543,77.11133261898507,20.099482740729833,73.50330863250416
2024-01-10 05:00:00,28.58016866743896,77.29285602275387,47.10928205340899,88.24825219775792
2024-01-10 06:00:00,28.49864615262713,77.04581574670468,72.14308866730886,89.27604515958294
2024-01-10 07:00:00,28.483041743832118,77.21409900153421,35.06101231177652,80.97044244360791
2024-01-10 08:00:00,28.432120252804577,77.39189695359866,40.370385898184466,74.13562025090827
2024-01-10 09:00:00,28.499543597414895,77.1712165909405,22.48651097573366,71.80954638362732
2024-01-10 10:00:00,28.573218306384632,77.21276812907108,72.04694404540086,72.39016375286977
2024-01-10 11:00:00,28.688597620001467,77.26568634003156,24.915436109529303,80.26733435555307
2024-01-10 12:00:00,28.53483866327492,77.08052063554396,24.221295343626203,62.08686096482054
2024-01-10 13:00:00,28.615919083369565,77.1060536420294,60.2435876834427,61.059534744671346
2024-01-10 14:00:00,28.616579126285796,77.32217629969873,75.13443608549466,64.740503549228
2024-01-10 15:00:00,28.647837883696717,77.14837688210456,36.19619313363247,85.50669042105054
2024-01-10 16:00:00,28.40740221054557,77.06822233175403,64.71904133403741,82.21326403360126
2024-01-10 17:00:00,28.578138753032736,77.14043850596478,78.96757988947442,82.17470201446925
2024-01-10 18:00:00,28.449656692440193,77.09030972859448,63.96471835322765,88.04348244820363
2024-01-10 19:00:00,28.483885963952034,77.26195760619075,49.544913465313314,73.99921017340804
2024-01-10 20:00:00,28.58161258133969,77.13809099556724,69.6970584779769,75.06724600731812
2024-01-10 21:00:00,28.478167304259248,77.33686321265112,40.78820714960956,78.48763587837468
2024-01-10 22:00:00,28.598807443856607,77.286228321645,40.48453182283732,74.82084603413306
2024-01-10 23:00:00,28.615041292301534,77.23867385436334,68.85714654332443,85.42375021602949
2024-01-11 00:00:00,28.697769945437898,77.09044939048911,47.51459083418207,75.7123155014694
2024-01-11 01:00:00,28.60273141463371,77.1407050148134,50.47877862408989,62.6608381926201
2024-01-11 02:00:00,28.425211843968345,77.09348897149161,48.86244448275974,75.72848804872669
2024-01-11 03:00:00,28.615564349391292,77.04885700568941,78.32302595415116,67.78736947336469
2024-01-11 04:00:00,28.453248080421183,77.21131114243391,46.20277391618001,89.0921588827332
2024-01-11 05:00:00,28.496238459152465,77.1816454303017,26.0016136468124,75.20545085017561
2024-01-11 06:00:00,28.569286200097807,77.19372928460817,33.77514515836192,83.54900128779414
2024-01-11 07:00:00,28.63507930230457,77.03138970183497,64.89367002709399,61.599393268713804
2024-01-11 08:00:00,28.486973788867775,77.11469323207137,70.3050677963442,79.88259067104902
2024-01-11 09:00:00,28.401898326571953,77.16333891907716,44.16971063211436,64.40876249883519
2024-01-11 10:00:00,28.552255615968416,77.03063234112561,40.79898217096479,67.40713597169925
2024-01-11 11:00:00,28.568963182336407,77.36544148187082,50.845398415154804,89.89700002898212
2024-01-11 12:00:00,28.426604849099434,77.05920679254162,51.2828413473513,86.77587711318945
2024-01-11 13:00:00,28.523445066651234,77.1389830495278,33.91312319736989,60.86805772259985
2024-01-11 14:00:00,28.689248289072175,77.30515178640374,37.84022620504017,74.21579681913195
2024-01-11 15:00:00,28.551769604762633,77.11240886495314,55.50525287017003,87.66481598680177
2024-01-11 16:00:00,28.574824469172405,77.07820523011547,49.32520153140687,60.67933119618838
2024-01-11 17:00:00,28.58547422320581,77.36890403735413,44.53685323616249,81.57325266975904
2024-01-11 18:00:00,28.445233683531654,77.16424078267413,39.76683199919687,63.22185074337624
2024-01-11 19:00:00,28.436453205246373,77.38996259624054,40.9406845178922,62.43278168871371
2024-01-11 20:00:00,28.545676725579092,77.12024007586106,46.99623967393478,77.40186128176789
2024-01-11 21:00:00,28.569926646837537,77.14067252822313,78.42185699808633,78.01069536496135
2024-01-11 22:00:00,28.560151688512025,77.2336093290499,29.455063889326276,67.88287718170868
2024-01-11 23:00:00,28.545818713785625,77.1560434418193,68.67343169519702,87.12037994841677
2024-01-12 00:00:00,28.662279885850626,77.24931161921728,76.1782177087246,77.91900883705306
2024-01-12 01:00:00,28.695840231450973,77.11126264604103,41.501741839169995,81.3835069494408
2024-01-12 02:00:00,28.580834457196392,77.23482614580237,60.989153220789284,65.33374328296527
2024-01-12 03:00:00,28.470041831605947,77.21087647255347,35.770867069828164,61.83598681761028
2024-01-12 04:00:00,28.485749281207116,77.18264476967113,25.51706042206238,70.91331628892586
2024-01-12 05:00:00,28.589035716321384,77.0795242739929,44.52620540869145,69.67126690845808
2024-01-12 06:00:00,28.54367648929789,77.0962740626975,50.288401444387304,80.84528192028914
2024-01-12 07:00:00,28.64967200633745,77.10908500029284,78.27211757807592,69.11719484529442
2024-01-12 08:00:00,28.505919631033947,77.26517581029877,79.87455885721363,83.23579772589324
2024-01-12 09:00:00,28.664632586168207,77.06332847036232,24.632112349661956,88.50355172116915
2024-01-12 10:00:00,28.569768212534978,77.32274096254501,75.92660086506663,86.48356182652438
2024-01-12 11:00:00,28.502243512503888,77.2958266729192,78.45160092792823,70.85801717697342
2024-01-12 12:00:00,28.446799221149437,77.14252314203036,27.339119260159137,84.38047526008252
2024-01-12 13:00:00,28.4511478572444,77.35133839168336,65.09218307279801,88.68190365307869
2024-01-12 14:00:00,28.45983656579085,77.39908385159899,72.01641232546098,81.90647881099255
2024-01-12 15:00:00,28.648595472468724,77.01060772502865,56.86053225404352,81.05600538085264
2024-01-12 16:00:00,28.670869721857333,77.33433310829986,45.48700379895848,80.67080746087069
2024-01-12 17:00:00,28.660208822409402,77.26296969560003,61.38447353537227,75.502647365949
2024-01-12 18:00:00,28.69167045164921,77.37880535918228,24.45589458874651,68.2561046159833
2024-01-12 19:00:00,28.659666239605453,77.21998733768119,51.58682487149519,65.05355849519604
2024-01-12 20:00:00,28.548022358811984,77.01517359284297,60.40434590545398,75.80597022327956
2024-01-12 21:00:00,28.667626381011736,77.05004926556356,53.662979406801675,80.17612822325447
2024-01-12 22:00:00,28.553408095372767,77.24301233651632,56.52075874943271,81.02750627157695
2024-01-12 23:00:00,28.483251855084774,77.17069477019614,53.322488062143954,89.2848107832254
2024-01-13 00:00:00,28.625296601588598,77.29778834528115,59.29939339934927,64.08718202852117
2024-01-13 01:00:00,28.528882825397684,77.00017749155674,35.259209860877945,70.97068129667475
2024-01-13 02:00:00,28.5186479739757,77.38843010346096,61.2018946838702,78.98926380609342
2024-01-13 03:00:00,28.668388744620128,77.12301342411658,20.100425138128777,68.82325971451058
2024-01-13 04:00:00,28.64673486076529,77.10989534282285,70.99257507365269,67.90747690998785
2024-01-13 05:00:00,28.523093487256585,77.00727604852618,24.073623984062618,83.68048885703828
2024-01-13 06:00:00,28.550902752777688,77.24363966485376,34.224288140908016,70.18926173460147
2024-01-13 07:00:00,28.67049866743145,77.33750752339036,46.50657043819699,70.92605673520494
2024-01-13 08:00:00,28.651386541404882,77.11064160098346,39.11951298340057,83.30501611076576
2024-01-13 09:00:00,28.506897790347796,77.19077585095242,48.3746255305872,81.67189477746743
2024-01-13 10:00:00,28.569164958403185,77.09865572922389,71.07822724946507,65.11252585176074
2024-01-13 11:00:00,28.571017426243223,77.21406819648607,21.51116150665415,70.06410920719885
2024-01-13 12:00:00,28.447382458413,77.3720327621678,36.30076095397153,68.93205847900703
2024-01-13 13:00:00,28.461709332178415,77.26951486685918,42.208733697439186,78.67261500404643
2024-01-13 14:00:00,28.507022942239416,77.22232050871548,45.70102706892642,83.38104653372743
2024-01-13 15:00:00,28.57782093728105,77.14936113866302,45.25879789266226,71.90096010038361
2024-01-13 16:00:00,28.41155456252739,77.21010194410124,20.6691719546347,70.6730096439641
2024-01-13 17:00:00,28.648039373745288,77.2164704218928,79.43166475047168,68.68927472576242
2024-01-13 18:00:00,28.657169760304786,77.0293596451214,63.28507050107986,81.40332462773262
2024-01-13 19:00:00,28.607992138705484,77.28674000314811,24.717044641425055,73.2805258164838
2024-01-13 20:00:00,28.449450179052427,77.1703231956206,51.151055514972654,62.23166877344072
2024-01-13 21:00:00,28.587565838001787,77.25655779541844,21.14221888768412,89.23291356552292
2024-01-13 22:00:00,28.400110774832367,77.37037593008952,24.231720622373853,85.78103960585656
2024-01-13 23:00:00,28.453460988161517,77.07730271847718,55.54401445196126,64.7346463144745
2024-01-14 00:00:00,28.634337002262892,77.11962549368779,63.489385782802785,78.21826529924996
2024-01-14 01:00:00,28.65268730136927,77.0846216452051,71.97502725459367,63.5964422180776
2024-01-14 02:00:00,28.540228282559934,77.13794811398071,32.02366346238967,83.16238848651238
2024-01-14 03:00:00,28.613294079686746,77.2499301342899,35.02894834005899,83.67627605753006
2024-01-14 04:00:00,28.409875151637507,77.16450217887876,56.71106389858689,63.055859336923824
2024-01-14 05:00:00,28.641958615927965,77.29184511214397,71.03638997997308,79.30440987619988
2024-01-14 06:00:00,28.54549103869198,77.13123002874424,47.20575606276052,65.47245669919428
2024-01-14 07:00:00,28.61253329297639,77.0870298307135,56.23787827975128,83.70852852304719
2024-01-14 08:00:00,28.561843507070613,77.37446917833795,32.65483780387482,85.0786703082206
2024-01-14 09:00:00,28.611726920254384,77.19081612542497,72.81633069356137,68.52242975036486
2024-01-14 10:00:00,28.670194877827246,77.21869964099331,77.76274522876066,78.7028958652562
2024-01-14 11:00:00,28.54247158105642,77.39881097435924,56.35161101674651,88.12877150618647
2024-01-14 12:00:00,28.697908589716015,77.18363117901926,55.98001137129141,65.8853977344038
2024-01-14 13:00:00,28.591963856634113,77.09433797316248,78.91196879719874,69.04070907674486
2024-01-14 14:00:00,28.65569135030771,77.24976918732982,72.49014255769718,67.41774188998544
2024-01-14 15:00:00,28.59781038355747,77.23308086933041,38.548148786122326,86.68131714935552
2024-01-14 16:00:00,28.55394641924207,77.00086389271107,54.45335703172735,72.92307777428921
2024-01-14 17:00:00,28.54401841278809,77.09897845118894,59.727958272631554,68.7640630571621
2024-01-14 18:00:00,28.556369384439844,77.11325116343434,26.410310762343883,60.765363456403044
2024-01-14 19:00:00,28.596437468126307,77.29088927307477,64.89181523416894,60.52766483601912
2024-01-14 20:00:00,28.420902276332253,77.32969039461403,50.81615226445992,64.52018465370178
2024-01-14 21:00:00,28.488477547647463,77.00828791750797,20.335657338805856,85.87508276449041
2024-01-14 22:00:00,28.532009010507736,77.14537909543438,28.915016040829222,79.70837030087239
2024-01-14 23:00:00,28.569995899427745,77.12878948426585,62.31705103023025,63.548346073897974
2024-01-15 00:00:00,28.460663643762665,77.08841940348324,79.5327686559198,73.06360629571824
2024-01-15 01:00:00,28.482327985513923,77.06555734235836,43.55835830310371,69.26947538237958
2024-01-15 02:00:00,28.56048051817306,77.31250523930184,58.032662550424625,66.06248252459558
2024-01-15 03:00:00,28.415126267625073,77.18274865427558,71.42268937558255,62.58406640003911
2024-01-15 04:00:00,28.455800102814624,77.07547607687641,22.899077518204482,83.54624821234188
2024-01-15 05:00:00,28.546404868904897,77.15500526159492,25.235268878230897,80.14678538751974
2024-01-15 06:00:00,28.444972442511606,77.25128510830358,37.711409136077606,64.70674121819499
2024-01-15 07:00:00,28.63809447397398,77.20475365027212,60.532692269366834,89.78079068771963
2024-01-15 08:00:00,28.58382767697768,77.37354182527923,26.576427849974365,77.8925564491518
2024-01-15 09:00:00,28.442743149492085,77.08248785863029,66.22141277170732,68.75708606970066
2024-01-15 10:00:00,28.670292894317754,77.0099884333522,38.55314818094387,79.21094412845233
2024-01-15 11:00:00,28.57205578810944,77.06591299639679,72.90692584090965,74.38563309810556
2024-01-15 12:00:00,28.625977109597258,77.37093103943344,71.52621708567892,85.40378398801508
2024-01-15 13:00:00,28.45632576519216,77.1074683985467,53.74566223017369,74.6137789330127
2024-01-15 14:00:00,28.650764637792154,77.02649714797847,73.52809106922442,76.51106037472228
2024-01-15 15:00:00,28.69731364626941,77.38487001744296,71.06881584063305,66.31772730485211
2024-01-15 16:00:00,28.615871010922014,77.30153392018585,36.78174741174024,80.07392106513576
2024-01-15 17:00:00,28.6177865322062,77.30863783157837,59.1156041993214,73.94688726335063
2024-01-15 18:00:00,28.494421428936807,77.39005746604718,59.67653055576174,87.97792371641589
2024-01-15 19:00:00,28.54041606228381,77.16614745213397,77.7907852969379,69.42193067131775
2024-01-15 20:00:00,28.45890213741032,77.02213424235423,23.57346170780054,84.17638800764637
2024-01-15 21:00:00,28.606852347989214,77.05121800010201,65.49401946534067,86.50673314506773
2024-01-15 22:00:00,28.68263916678197,77.17252226962876,48.25834289801752,87.81971045195387
2024-01-15 23:00:00,28.656008503484,77.17408436391581,45.092929824684106,87.54341482353985
2024-01-16 00:00:00,28.62910771504391,77.30276634674263,55.173009346534435,75.37895188840255
2024-01-16 01:00:00,28.64479785951781,77.34217978378832,31.462685498797942,69.45514288367849
2024-01-16 02:00:00,28.64079890296779,77.28705932541392,42.66126722920875,74.16738179581525
2024-01-16 03:00:00,28.448631650866147,77.06779000290126,30.239115578133394,76.99445997475262
2024-01-16 04:00:00,28.694510903782618,77.05090872666034,24.936200116951674,75.13347435726062
2024-01-16 05:00:00,28.616534506891004,77.23152609201868,39.92091031284392,87.98914714045668
2024-01-16 06:00:00,28.4485340519168,77.1960651214159,72.19734502896122,79.82818073161796
2024-01-16 07:00:00,28.55298600766895,77.28597027507793,41.28828313358336,84.92566336654576
2024-01-16 08:00:00,28.436506467023527,77.06607093864844,52.45716790764303,80.34394262622021
2024-01-16 09:00:00,28.672837776107528,77.2873476357696,79.15300068261212,83.93484501055177
2024-01-16 10:00:00,28.51060646971496,77.09944484826157,28.01284640881396,62.85026923912207
2024-01-16 11:00:00,28.513504807939064,77.15375549114783,51.8773382145307,72.32261051271018
2024-01-16 12:00:00,28.405158894460012,77.29746770032072,22.104533403450464,66.68474000513656
2024-01-16 13:00:00,28.429110963781586,77.0727007773173,68.21854156874572,88.09685125737153
2024-01-16 14:00:00,28.6438601911899,77.00223470000354,65.7147490968273,62.5471612159893
2024-01-16 15:00:00,28.462423681991833,77.02310371746472,25.782364218444833,80.00512849118991
2024-01-16 16:00:00,28.698540290024216,77.33305889118996,46.85425200156851,88.28723597937942
2024-01-16 17:00:00,28.49837937302321,77.17697954776412,52.47347834109819,65.4096729653969
2024-01-16 18:00:00,28.45873763569136,77.06749779519645,26.5239353715531,87.95455101407151
2024-01-16 19:00:00,28.632079136688205,77.1352854122431,59.85054969048564,78.11110791354784
2024-01-16 20:00:00,28.458937539495974,77.08378651371505,21.433943653259576,81.34631331657488
2024-01-16 21:00:00,28.423289504721758,77.26693012397985,66.42855130047909,61.130605649828844
2024-01-16 22:00:00,28.66954246866406,77.25370256833865,27.087882599123127,87.37231918450934
2024-01-16 23:00:00,28.628809313023297,77.25616793836181,54.00699490265005,82.13094798623867
2024-01-17 00:00:00,28.594943535527104,77.20529114154488,77.14405238331096,85.32561504498722
2024-01-17 01:00:00,28.534035446386287,77.25955277801775,23.120496863225625,60.90669004835277
2024-01-17 02:00:00,28.547265944101692,77.32897077524844,58.688389671354315,67.18993440284528
2024-01-17 03:00:00,28.48181009499999,77.12397178954622,25.814352199948072,86.72551260709844
2024-01-17 04:00:00,28.427811180392418,77.27214360644736,43.553556834978366,88.01088753691842
2024-01-17 05:00:00,28.628168464011644,77.0927036306833,27.058348366139292,68.31104353635907
2024-01-17 06:00:00,28.51919100017038,77.38045712173707,49.81471386004736,73.06300796621551
2024-01-17 07:00:00,28.575704840525088,77.38479094875015,42.77505197229742,81.73671072054194
2024-01-17 08:00:00,28.444713153868438,77.39776855276645,27.464519203995387,61.08077634098162
2024-01-17 09:00:00,28.478272712967918,77.00462257406262,67.53742513956279,78.40209765764764
2024-01-17 10:00:00,28.510558533122193,77.13812648414721,28.894130856883088,79.10844598591493
2024-01-17 11:00:00,28.52725776407386,77.03437018402407,50.9748815327161,88.80171179951587
2024-01-17 12:00:00,28.43589175215149,77.2389941586486,20.34351814848544,64.14141831037405
2024-01-17 13:00:00,28.4588698241786,77.04479028909206,35.85763277048068,77.66693501075784
2024-01-17 14:00:00,28.588426481910357,77.26358350166878,25.337066926907294,80.89023019909078
2024-01-17 15:00:00,28.6901576809753,77.0886830929869,45.13135023037529,81.7851128177132
2024-01-17 16:00:00,28.511698803395824,77.32034890510872,44.780048820791336,82.54099476998833
2024-01-17 17:00:00,28.422404919097453,77.2714342018874,45.7450036430109,84.39115822129975
2024-01-17 18:00:00,28.69363836529846,77.09120911034101,32.185251579313345,78.33042706785017
2024-01-17 19:00:00,28.56861673255918,77.39210101013228,38.54940253711955,77.73930649300068
2024-01-17 20:00:00,28.637584375689656,77.02793630588954,30.301640215629295,62.18041437086536
2024-01-17 21:00:00,28.51746048638647,77.20681337447978,20.48845250485043,75.89994279484796
2024-01-17 22:00:00,28.4037951904321,77.26638667793912,36.231656292377,68.2156729129494
2024-01-17 23:00:00,28.653888690178746,77.26720076693287,63.93324287364215,68.55497576594585
2024-01-18 00:00:00,28.55474098412742,77.0628138759998,79.42102899767792,72.12397290946961
2024-01-18 01:00:00,28.602138977322916,77.34071966666211,33.890668323318835,63.32995526469857
2024-01-18 02:00:00,28.400633699562484,77.25015176334372,72.18386662847917,80.32542852024264
2024-01-18 03:00:00,28.680559813846784,77.0447445938594,56.45084256325187,79.14929783835203
2024-01-18 04:00:00,28.523141861614608,77.15085466255235,49.914547514327595,67.89133737354054
2024-01-18 05:00:00,28.434197030219302,77.19448768602436,63.12433413740897,85.21989159369868
2024-01-18 06:00:00,28.523632140643215,77.23920861911911,58.17156069442893,73.74970283292836
2024-01-18 07:00:00,28.550112216772153,77.07973615960276,54.25882640944634,83.40860777251237
2024-01-18 08:00:00,28.463592525793693,77.39221219802917,31.762187975436373,72.51842803839699
2024-01-18 09:00:00,28.486689291516154,77.38126526896936,67.03437750060219,89.02766244137409
2024-01-18 10:00:00,28.400227599299537,77.09219442915432,50.04361745297906,65.19109142091123
2024-01-18 11:00:00,28.65319317700651,77.07528300866895,58.09762829090522,84.5000429746174
2024-01-18 12:00:00,28.559611933313,77.31466404423482,36.67648126563856,70.85393004692148
2024-01-18 13:00:00,28.561819080324216,77.16805403449858,74.80739564953544,80.10070114521656
2024-01-18 14:00:00,28.588394466019977,77.05150461766344,60.22350295496287,73.89917266898878
2024-01-18 15:00:00,28.54828457531202,77.36956402357407,31.84794976310463,69.83751181637679
2024-01-18 16:00:00,28.449149048058302,77.13909191523571,76.7339912672949,61.85318660286097
2024-01-18 17:00:00,28.571060766766205,77.0104036711438,46.79905787985689,62.45149470884833
2024-01-18 18:00:00,28.4179554039262,77.01925022330107,74.71559556548434,77.5631951936699
2024-01-18 19:00:00,28.69608791646207,77.07625342847493,44.89851018899883,86.79943546864783
2024-01-18 20:00:00,28.696416585435482,77.2319130342664,49.70327529236417,71.24329373814963
2024-01-18 21:00:00,28.497882576112847,77.14085090562837,30.980159826000012,88.68143711670231
2024-01-18 22:00:00,28.687582659708116,77.39421028295438,32.00688384361109,67.16317262881945
2024-01-18 23:00:00,28.470167448580355,77.15964460167227,22.032171236397883,73.43629257163558
2024-01-19 00:00:00,28.436757904209536,77.29777204748817,51.76386434595935,64.43413273754457
2024-01-19 01:00:00,28.434790555449602,77.24909856643642,22.791765075759077,63.32360454395963
2024-01-19 02:00:00,28.62817358372767,77.32845352948584,45.247985525524584,63.7814445175175
2024-01-19 03:00:00,28.4257212438929,77.34875253014498,36.68432431856195,78.37629095602229
2024-01-19 04:00:00,28.61809447361276,77.09219018867165,77.11965766805757,72.60755893087492
2024-01-19 05:00:00,28.563604077909545,77.13609251692746,25.53493430459109,61.389909056562416
2024-01-19 06:00:00,28.557144358387646,77.27683246931527,61.92238243749051,75.11250431530354
2024-01-19 07:00:00,28.52017252953177,77.07394306726933,70.00040743150326,74.17054097344958
2024-01-19 08:00:00,28.406892441095643,77.15269748813817,43.554683037477695,83.59906596634649
2024-01-19 09:00:00,28.595730042235,77.14036851773652,49.76934129475512,62.88975636382164
2024-01-19 10:00:00,28.59816833725347,77.13751913111979,55.325952782287914,66.37811514245338
2024-01-19 11:00:00,28.61565308177822,77.2097195393616,57.21558348878208,85.05868896645568
2024-01-19 12:00:00,28.604961743581054,77.2146228100591,43.026589292675155,67.03892909973575
2024-01-19 13:00:00,28.65703228880428,77.26558997270297,63.337848811914355,81.07463615342044
2024-01-19 14:00:00,28.695510243747286,77.26000157750107,37.56697499356724,86.30862533423908
2024-01-19 15:00:00,28.45585748431685,77.31412240537428,57.18692875955831,87.80152576337042
2024-01-19 16:00:00,28.67097952893502,77.27388614767622,38.73378348732241,65.37769034508098
2024-01-19 17:00:00,28.505599901169145,77.28787770293084,30.05693844116604,62.146724299505806
2024-01-19 18:00:00,28.553854870358865,77.25138551867961,37.892990011757334,74.60533392106458
2024-01-19 19:00:00,28.640032236879467,77.08432576679861,41.72031281839955,69.77751698872947
2024-01-19 20:00:00,28.479483185056246,77.34106446738491,54.2979490701408,65.61650476495252
2024-01-19 21:00:00,28.631059211349665,77.17069706751931,67.66386594080473,87.79208289447858
2024-01-19 22:00:00,28.631419171640548,77.01764241563683,59.48031130367776,61.42276423279767
2024-01-19 23:00:00,28.420181353469303,77.24468713559678,29.592767089357682,69.06857464548595
2024-01-20 00:00:00,28.660264123681078,77.392959288526,38.73251794459995,72.22693674016543
2024-01-20 01:00:00,28.432545149672183,77.16655337143699,58.858307064298835,64.31121450535046
2024-01-20 02:00:00,28.564105043404023,77.26187587699326,37.969332695412064,85.42497934083336
2024-01-20 03:00:00,28.518469193014987,77.02188273606825,24.41659373882392,81.07487555569702
2024-01-20 04:00:00,28.687260705601865,77.2852895767861,65.94211373351479,77.2887502886677
2024-01-20 05:00:00,28.63796236914704,77.10709534474103,57.904524059008594,79.2386134183267
2024-01-20 06:00:00,28.510033330247886,77.00041996912049,51.84671876822264,81.3110440267281
2024-01-20 07:00:00,28.440799493740627,77.13416273181443,48.1422328585917,60.999256728483424
2024-01-20 08:00:00,28.68630578686269,77.2482779162089,66.7982613242882,66.88202159008553
2024-01-20 09:00:00,28.60225677963853,77.23720188753633,65.23908290114323,70.95193073933079
2024-01-20 10:00:00,28.682477542179683,77.17979166240849,45.90809737005778,66.8466502778395
2024-01-20 11:00:00,28.505990636651827,77.04575870629219,27.662325985730966,65.90127395646007
2024-01-20 12:00:00,28.649041268613708,77.03812539439757,35.39198739956733,61.877297815598624
2024-01-20 13:00:00,28.597031127005824,77.27152044533409,72.19972949581748,60.707277940476374
2024-01-20 14:00:00,28.658011434914624,77.38031373573678,21.301221767232732,87.53744687665551
2024-01-20 15:00:00,28.406511013790436,77.13179433908462,70.43636711300964,86.74954940381943
2024-01-20 16:00:00,28.408021452633154,77.37285788713783,53.605315727016254,60.68039399659731
2024-01-20 17:00:00,28.415332008734598,77.13801509510083,76.94860927380999,66.99642812583194
2024-01-20 18:00:00,28.456531825774512,77.28531618785708,32.02689312129922,85.51951164993659
2024-01-20 19:00:00,28.565190363385316,77.12238647010822,63.09421581693561,74.884022210654
2024-01-20 20:00:00,28.433211896742417,77.16934637138326,30.678123280584778,76.23502555508662
2024-01-20 21:00:00,28.63587322089521,77.07716141432917,54.54400136342576,67.23129324258558
2024-01-20 22:00:00,28.437032023797247,77.37158136649869,47.690131067683964,65.30040294006636
2024-01-20 23:00:00,28.43752122954617,77.0298704696823,73.8756883775851,70.10846515749179
2024-01-21 00:00:00,28.49534864189124,77.34953116958059,55.16337013058196,70.32253556660477
2024-01-21 01:00:00,28.5355938934817,77.04426012597067,46.307357356872885,63.90698947953653
2024-01-21 02:00:00,28.67192668644222,77.14696854851033,60.324084345736594,72.0777903610811
2024-01-21 03:00:00,28.51418436989071,77.39060961802203,58.278587318481165,69.20252705181225
2024-01-21 04:00:00,28.582189382436308,77.18106982555948,71.96382559235431,80.74954655507686
2024-01-21 05:00:00,28.515296548918904,77.30430485809403,58.05388388738906,66.43505915209657
2024-01-21 06:00:00,28.565968530651936,77.38340932577177,63.135083802412375,81.67743498498075
2024-01-21 07:00:00,28.526733548357445,77.20755060923187,53.84935745849625,60.17806069365915
2024-01-21 08:00:00,28.462388564417804,77.0743904218769,32.221497588179375,81.6915923205325
2024-01-21 09:00:00,28.422751174657428,77.06625673828908,55.35862738088997,71.8468638998993
2024-01-21 10:00:00,28.492839692265942,77.05690111881098,23.34137232463141,77.90173900174578
2024-01-21 11:00:00,28.517413414431697,77.07171976722253,28.873148166044743,72.81496427048036
2024-01-21 12:00:00,28.653798819164443,77.1858227471251,69.11503345540041,76.48855546032934
2024-01-21 13:00:00,28.538190258103814,77.26205868180753,77.27983484281242,76.34994938534444
2024-01-21 14:00:00,28.63366739893858,77.20928170790309,24.915950822115015,77.40953538889471
2024-01-21 15:00:00,28.510506917844594,77.03036399233338,54.68207054603417,66.26125532968261
2024-01-21 16:00:00,28.51025087043204,77.23881968595501,27.004001489396654,81.14648041345636
2024-01-21 17:00:00,28.678008350019386,77.27409953418662,31.745063603918226,75.50077495201296
2024-01-21 18:00:00,28.601710274185933,77.3102735072155,54.667203860539836,66.48412647554811
2024-01-21 19:00:00,28.515956239106433,77.2686029241749,35.19965241668364,73.24619087175408
2024-01-21 20:00:00,28.517583426328468,77.09135075946337,45.25713842014881,85.22446379939191
2024-01-21 21:00:00,28.56071297843613,77.17897914290167,51.51502212513916,65.42906405205356
2024-01-21 22:00:00,28.497162396285663,77.02435752145956,71.87151118218185,61.7948243227373
2024-01-21 23:00:00,28.599355544540238,77.35458033517665,34.71116620255743,76.85576389878224
2024-01-22 00:00:00,28.60777798312598,77.26343123396762,74.03039861516604,68.64627062599986
2024-01-22 01:00:00,28.61482616476545,77.00036658514139,54.98585503334642,75.06933359785165
2024-01-22 02:00:00,28.630408342367712,77.18771104316644,72.45723839735672,87.18573799912383
2024-01-22 03:00:00,28.602957491173942,77.34646855581244,52.02406977397249,71.46767463349452
2024-01-22 04:00:00,28.475136189630337,77.21356296329765,30.478708153471565,75.26765496024856
2024-01-22 05:00:00,28.506018405481996,77.35986048199713,54.20210860208405,78.25500737415938
2024-01-22 06:00:00,28.547692534040724,77.11000653274617,41.83565627987237,77.50446750551023
2024-01-22 07:00:00,28.461070897076542,77.11523474498594,59.92439803988963,79.86534314502524
2024-01-22 08:00:00,28.40124369348269,77.09316075117333,67.50768608828966,69.10318400937653
2024-01-22 09:00:00,28.479760478745682,77.32650344164885,35.60145881086501,61.46428056351167
2024-01-22 10:00:00,28.517476934625808,77.02180435355233,29.420493699968873,64.08518259880802
2024-01-22 11:00:00,28.55874377326075,77.36560969975763,23.93581493635939,60.68646417088484
2024-01-22 12:00:00,28.45661389637984,77.19240409514153,60.93559119855552,78.37679181304722
2024-01-22 13:00:00,28.609674258900412,77.22864786902528,50.93559293602966,87.25395816138058
2024-01-22 14:00:00,28.416062380198163,77.2723125022565,41.79693796422302,80.83279981948294
2024-01-22 15:00:00,28.566566235528718,77.26894277616748,65.89240803772292,81.29645754723444
2024-01-22 16:00:00,28.558561945456656,77.32749706164589,61.74605998986087,72.09761991129534
2024-01-22 17:00:00,28.507384873446185,77.16187043889137,30.82786580590996,88.62242483172848
2024-01-22 18:00:00,28.559217191268363,77.08170613079866,59.96771239240419,62.2845936514583
2024-01-22 19:00:00,28.63359544744333,77.18370673004578,62.85432483871128,79.3454886126164
2024-01-22 20:00:00,28.61042503851924,77.1658461831024,25.776155561161104,79.56543897496353
2024-01-22 21:00:00,28.612729772683725,77.11014381567139,29.38290360122626,68.09504306516574
2024-01-22 22:00:00,28.421794667569902,77.27332008642253,59.800433488525506,84.02771685716951
2024-01-22 23:00:00,28.482598891564297,77.22247657855439,58.78875961207792,65.28094778960013
2024-01-23 00:00:00,28.69558617420361,77.20782241705635,28.420066643682638,88.08073857039744
2024-01-23 01:00:00,28.69210306531953,77.29754884214468,55.396462352643645,80.05794706360997
2024-01-23 02:00:00,28.49958532005586,77.37797326873043,68.60133599585984,79.88575530439886
2024-01-23 03:00:00,28.699826902951067,77.28052228255441,55.88331761211269,81.40407965301482
2024-01-23 04:00:00,28.504461094807873,77.05200201101185,30.13718038571998,68.64655245043193
2024-01-23 05:00:00,28.427699650426167,77.11255799213984,58.29576012225592,89.95831248275105
2024-01-23 06:00:00,28.511091903090552,77.32474938579576,40.20536732787992,87.1792902874957
2024-01-23 07:00:00,28.628554067992965,77.34939192314992,54.70009948485537,86.5132332286957
2024-01-23 08:00:00,28.675474669714987,77.31220353972276,55.693124582775326,81.26314711940319
2024-01-23 09:00:00,28.542893794246567,77.28212989431277,50.87369968887321,87.24430767297714
2024-01-23 10:00:00,28.643146285400203,77.39051164812311,76.46954008370977,63.32282516876403
2024-01-23 11:00:00,28.64265818915728,77.00001978938587,47.44344346476148,88.00034544212075
2024-01-23 12:00:00,28.50190897754504,77.37382517697601,49.350973349367116,85.81610876365686
2024-01-23 13:00:00,28.585717809105525,77.17508954788345,77.97906629785032,66.56060188947657
2024-01-23 14:00:00,28.56106661312601,77.04221326231215,32.4673754795667,89.97352431791049
2024-01-23 15:00:00,28.53691914078416,77.23192356914168,55.78927581686265,70.33722539584616
2024-01-23 16:00:00,28.479684354836067,77.21698804334419,54.40167563676762,80.1212296113448
2024-01-23 17:00:00,28.470990192081512,77.23707115577523,29.66546257878346,71.27786945433797
2024-01-23 18:00:00,28.411149917530718,77.25123758530289,53.269548840155444,79.43745028758471
2024-01-23 19:00:00,28.670419184949917,77.13517735980723,49.06265898602543,82.94175605711811
2024-01-23 20:00:00,28.57727987274233,77.06980082120157,78.55611727234744,77.06782610535971
2024-01-23 21:00:00,28.533970455873355,77.03445251027777,44.63204793432088,66.29589859226073
2024-01-23 22:00:00,28.574879413456603,77.06165096969585,20.884953818732154,80.49529301817593
2024-01-23 23:00:00,28.404051144574137,77.04581628457574,33.70590309275747,67.25740476518662
2024-01-24 00:00:00,28.638705235145796,77.31757880923298,69.41948164292106,64.85156298645356
2024-01-24 01:00:00,28.431150896562723,77.32625399967083,74.78354086058087,66.49419764484306
2024-01-24 02:00:00,28.50632479779948,77.03511468431937,43.727246615310285,70.6578910784441
2024-01-24 03:00:00,28.55958660343063,77.31569031347556,35.4750605617337,61.43727342737723
2024-01-24 04:00:00,28.527520868560387,77.3561032911101,29.096250240055895,66.19144814701336
2024-01-24 05:00:00,28.423056841481692,77.31903358503445,47.01266476884615,81.19173869347033
2024-01-24 06:00:00,28.56844542553542,77.28117339137735,79.01228077765943,79.29450766433604
2024-01-24 07:00:00,28.45903395106654,77.28908118059621,34.99115829177318,80.27878876977942
2024-01-24 08:00:00,28.437830452822173,77.04634615471765,43.41049234676839,84.50256501977282
2024-01-24 09:00:00,28.636734800525332,77.21698383808423,37.69937337106228,70.6672270756986
2024-01-24 10:00:00,28.592965029088425,77.02470110680193,48.158008286026536,63.87243339490894
2024-01-24 11:00:00,28.688642484321836,77.02655365151212,28.62319950926931,72.38456471809053
2024-01-24 12:00:00,28.669135918779823,77.12962573958002,67.86760420589098,74.95949673296596
2024-01-24 13:00:00,28.537550926217218,77.0272961379581,41.399604350937395,86.31248897372244
2024-01-24 14:00:00,28.489428297053106,77.27609466957058,72.47529792164215,87.61869690593026
2024-01-24 15:00:00,28.52030183560712,77.36769181139502,73.97717634228417,69.02897889029907
2024-01-24 16:00:00,28.660517162725203,77.31118457216357,77.66131595244852,71.470328178401
2024-01-24 17:00:00,28.55139477836163,77.36424436428686,34.52667660763064,63.29894809050327
2024-01-24 18:00:00,28.625822060439123,77.32780562243873,41.40566765248161,64.91208460570303
2024-01-24 19:00:00,28.444818247230582,77.08621892869056,79.47484500093448,75.42584671294235
2024-01-24 20:00:00,28.598520133920157,77.3198376944668,51.992416353334654,73.51853124367175
2024-01-24 21:00:00,28.670233088542513,77.32648841003454,47.56989592795085,66.63973061141506
2024-01-24 22:00:00,28.549801147613056,77.30831456708358,47.98932868506682,79.56679737394742
2024-01-24 23:00:00,28.43555645227964,77.04245466464666,73.59913294361303,61.26312454810695
2024-01-25 00:00:00,28.475606394216165,77.33608414727637,56.44998886310426,60.643099260615884
2024-01-25 01:00:00,28.530258864391357,77.3242661861688,29.478190729841895,72.50349498841945
2024-01-25 02:00:00,28.50747060262973,77.24414707733993,72.55271872954748,89.40414979062365
2024-01-25 03:00:00,28.600238726473233,77.37351653095253,54.55668826663642,70.6085518721985
2024-01-25 04:00:00,28.48030406792392,77.0648223373098,77.4345582202211,84.6290439662979
2024-01-25 05:00:00,28.61508972544403,77.09547393759284,48.911799819476926,72.35791879002123
2024-01-25 06:00:00,28.457604560818936,77.25409960367627,24.27594508288767,71.94898810115144
2024-01-25 07:00:00,28.522648723553807,77.05108626203233,62.933818163242506,87.70569164992277
2024-01-25 08:00:00,28.68896926810276,77.13007477254864,68.31541110304082,80.6852488989473
2024-01-25 09:00:00,28.52576070588452,77.11241478830871,26.43713151957123,67.90907307097746
2024-01-25 10:00:00,28.560618491526178,77.09986560944883,70.16602359412003,63.41542316312733
2024-01-25 11:00:00,28.620214971129656,77.13522628810803,23.562467409624638,84.20888099488124
2024-01-25 12:00:00,28.45161161842682,77.00824343549259,59.93521508997419,74.29915099252219
2024-01-25 13:00:00,28.690242628400902,77.18513585227072,43.867589295844105,79.02809168710658
2024-01-25 14:00:00,28.585528780328975,77.14146755351766,42.78102379382539,83.43665951974364
2024-01-25 15:00:00,28.651474929315306,77.08594107581908,56.615827009906056,65.10513664765936
2024-01-25 16:00:00,28.5502948143045,77.2434393620529,73.91084669615867,63.51468275494779
2024-01-25 17:00:00,28.656471149995514,77.23606547186394,22.626683962441582,63.14553846794992
2024-01-25 18:00:00,28.487779240553074,77.31543035024349,46.863718100889386,71.86736746544221
2024-01-25 19:00:00,28.50817325792607,77.06624472217443,39.9226456126035,89.19043289872887
2024-01-25 20:00:00,28.506172768318198,77.01789970216261,45.531471013067986,62.53294659462927
2024-01-25 21:00:00,28.64448362999942,77.04143415806493,52.90503084944208,65.44416194818487
2024-01-25 22:00:00,28.44348770433124,77.28594634277707,42.305880591075685,78.6588024426191
2024-01-25 23:00:00,28.57477524452505,77.33181104267399,36.26973232998732,76.79893626039207
2024-01-26 00:00:00,28.649897417418686,77.3947970586008,47.08803127300509,88.39716684813814
2024-01-26 01:00:00,28.573953780226542,77.19735820395134,72.42815982352019,80.42670658414029
2024-01-26 02:00:00,28.604786913852024,77.19842604280403,36.20783563246671,87.13298716350116
2024-01-26 03:00:00,28.554346737539024,77.00621831915633,25.260348393359834,61.12552101721077
2024-01-26 04:00:00,28.478231239306552,77.26393080279574,71.07920608893279,64.49166495763275
2024-01-26 05:00:00,28.433362123703883,77.16411360233043,35.49393784411634,87.9363686928876
2024-01-26 06:00:00,28.48766473823503,77.3717652701081,45.94131507443879,75.71132006761997
2024-01-26 07:00:00,28.500803518118015,77.02472171597508,42.334265799512,83.96073883787902
2024-01-26 08:00:00,28.568357658344166,77.34412331454482,36.7732942787442,83.25804008229123
2024-01-26 09:00:00,28.470312613494087,77.16004698137745,57.74057947717455,68.42395360048256
2024-01-26 10:00:00,28.525629128903894,77.05372408946774,57.154598098383374,80.12165688792614
2024-01-26 11:00:00,28.414889771259663,77.19947464683533,71.91378497234517,76.35079363899689
2024-01-26 12:00:00,28.461702311562867,77.1064979544276,39.10425448244903,77.01297313786229
2024-01-26 13:00:00,28.40710104036699,77.06557574732776,26.465789343316597,76.85103902885785
2024-01-26 14:00:00,28.525487985224025,77.10528376337861,32.16019675767395,88.17477109325623
2024-01-26 15:00:00,28.684375584278982,77.13278311817619,33.09624650792273,82.72692818907878
2024-01-26 16:00:00,28.68222009364168,77.15748432214639,66.1413447854446,81.97823036777604
2024-01-26 17:00:00,28.58152978537905,77.35872694158655,77.4307532338301,77.71673760962487
2024-01-26 18:00:00,28.408813846469812,77.29751414696814,32.55434819309235,79.47703577272652
2024-01-26 19:00:00,28.693134278707703,77.34943717224974,47.643747546057774,63.19679932005606
2024-01-26 20:00:00,28.559680060274992,77.37281766081703,47.67745027005141,64.29545757596927
2024-01-26 21:00:00,28.66192180719279,77.37230687276654,22.428392201684893,60.68419623729352
2024-01-26 22:00:00,28.66384237288,77.18075112377008,61.40581945033047,81.74900935401755
2024-01-26 23:00:00,28.439543212222674,77.29528972795644,66.39124383832214,87.27118677344849
2024-01-27 00:00:00,28.546615226079574,77.16400918170895,57.90926478861446,86.4736291467385
2024-01-27 01:00:00,28.493580362412292,77.05723241780223,46.547611253523414,68.2954155073064
2024-01-27 02:00:00,28.525152094710116,77.00591575266611,74.04481434965231,73.57648354044112
2024-01-27 03:00:00,28.592747388316354,77.33118119554129,75.91551588430355,78.05453644377117
2024-01-27 04:00:00,28.699781464590114,77.18744786304335,24.004795061185746,78.98267134422548
2024-01-27 05:00:00,28.430410181712965,77.32597767965481,68.8428554125276,85.64106057477196
2024-01-27 06:00:00,28.491753916264745,77.3277140136273,61.00805062965993,64.80265678405073
2024-01-27 07:00:00,28.569195830881334,77.17860071920167,38.06877779472407,64.95675628262705
2024-01-27 08:00:00,28.61938178648424,77.31615335837114,50.663447040142614,87.47613492959823
2024-01-27 09:00:00,28.445598385370513,77.23964827177737,71.16937658151471,75.27722294544593
2024-01-27 10:00:00,28.523198159971972,77.25562442900937,27.36450669933915,72.76004610826107
2024-01-27 11:00:00,28.63671144546626,77.33838698659655,71.11281759463053,63.0840383671649
2024-01-27 12:00:00,28.65810126101697,77.0233573292346,59.3749075710752,79.99916525018898
2024-01-27 13:00:00,28.652815494647076,77.12599702505312,47.65313676707337,76.56486103645676
2024-01-27 14:00:00,28.55148704713847,77.24139423232435,24.479206240119105,62.34453629469673
2024-01-27 15:00:00,28.578507031694564,77.10425245570168,34.70150982235164,73.00737253179284
2024-01-27 16:00:00,28.646623831020083,77.21419855408672,23.75634465938723,64.87464928834657
2024-01-27 17:00:00,28.67971183284929,77.13133017782403,36.269638317200986,62.75666362569867
2024-01-27 18:00:00,28.583330452797107,77.17479595351088,50.29933352114525,67.55001247683181
2024-01-27 19:00:00,28.655972770515067,77.01338122641371,42.91213359314555,88.30670410080998
2024-01-27 20:00:00,28.587311779162267,77.07923076339674,65.45792286070571,80.4869550587748
2024-01-27 21:00:00,28.690995316240063,77.10047251181243,64.88174669007547,65.4359502787478
2024-01-27 22:00:00,28.669934201847436,77.03252175002312,44.81637942358516,62.563830203616135
2024-01-27 23:00:00,28.62628750590994,77.3459799663662,38.420937077300394,71.65763466489133
2024-01-28 00:00:00,28.519707651666707,77.38106291506907,61.28461578081261,77.64883784768988
2024-01-28 01:00:00,28.41323379036945,77.1055317715133,37.00393202525777,60.432431553491455
2024-01-28 02:00:00,28.478235220913437,77.23721976576579,71.50247014701395,75.23718531755026
2024-01-28 03:00:00,28.689139660432296,77.08666210834642,29.3690630990077,81.99481528471532
2024-01-28 04:00:00,28.439313673452993,77.23266389918119,24.25844451676312,66.49474366848662
2024-01-28 05:00:00,28.686694546439423,77.05868233456184,66.14451349391763,65.4127300310164
2024-01-28 06:00:00,28.5189617235481,77.23198691202833,30.6768497559181,88.48184998861268
2024-01-28 07:00:00,28.419860999573864,77.26833057275933,50.362243611800295,69.90540264832777
2024-01-28 08:00:00,28.45880585755196,77.16868707197473,54.498676239516335,77.23598548119816
2024-01-28 09:00:00,28.644273385760396,77.08000887336371,75.71268026090979,67.37685240084176
2024-01-28 10:00:00,28.68060214614164,77.20719038303989,64.27977532092406,64.37655729332552
2024-01-28 11:00:00,28.409534982764765,77.34962460131385,76.11392076115449,68.89286136408786
2024-01-28 12:00:00,28.43916701836409,77.3602043558876,25.98937722954789,72.32346302106386
2024-01-28 13:00:00,28.402007954738995,77.06144749307039,47.60207081255848,71.8420902010515
2024-01-28 14:00:00,28.65656487127383,77.26337651142052,35.79642821692696,81.65336684434394
2024-01-28 15:00:00,28.4990737606583,77.18158667637398,68.15063749698237,83.07659743281933
2024-01-28 16:00:00,28.69482492008873,77.08802492901312,41.37078072385894,69.7426080463371
2024-01-28 17:00:00,28.604587101493497,77.18543090952919,73.68137807605514,74.74408715257843
2024-01-28 18:00:00,28.667184341230634,77.29364744423893,67.89134327222902,78.8941435308091
2024-01-28 19:00:00,28.483842728728213,77.36196809437271,32.95253937728778,73.18285152825153
2024-01-28 20:00:00,28.446574297750043,77.04557613544414,40.34016740224569,72.78465796368758
2024-01-28 21:00:00,28.461562226028693,77.07970595503151,30.04058446550397,78.68481304585818
2024-01-28 22:00:00,28.688752957171022,77.32134740834705,33.020827307228515,66.08309343246145
2024-01-28 23:00:00,28.40393798594727,77.39277115220544,46.451094227197444,87.76846782216444
2024-01-29 00:00:00,28.43198682206152,77.06589705082567,22.891977197611723,72.81324781741569
2024-01-29 01:00:00,28.55628376038691,77.2757689856257,26.08065303756733,80.84374565062647
2024-01-29 02:00:00,28.55550434846819,77.14858601698079,68.02016593374928,68.25650673032318
2024-01-29 03:00:00,28.692725308030866,77.34803111810209,22.85138895195004,86.77392452763183
2024-01-29 04:00:00,28.53685704301413,77.36915837819649,54.639522627697716,75.67224532907198
2024-01-29 05:00:00,28.540066684055247,77.34109094177036,76.07297232898141,78.40602355865866
2024-01-29 06:00:00,28.670656955871895,77.37405962129621,58.80202225091492,68.88719752693001
2024-01-29 07:00:00,28.427528272551875,77.05717281062672,69.54280250960645,73.9722542145182
2024-01-29 08:00:00,28.48991240110253,77.10920850923395,35.99206650088478,75.80756908991836
2024-01-29 09:00:00,28.448347357860325,77.22147646019098,57.66669248296982,87.06692033960168
2024-01-29 10:00:00,28.572938302931163,77.35598343577485,46.654479595852465,71.02762916698076
2024-01-29 11:00:00,28.67727226424799,77.11290003632212,30.779383974583535,78.25647246908058
2024-01-29 12:00:00,28.650466138537247,77.27673229635356,66.17340282398126,78.94456589373154
2024-01-29 13:00:00,28.635641268644278,77.30169864487921,42.17160497481209,63.96614419329618
2024-01-29 14:00:00,28.48640358065793,77.1540043641201,51.38856055913747,74.097975670701
2024-01-29 15:00:00,28.563448405002692,77.16712053812286,59.555297431327695,60.7925108896358
2024-01-29 16:00:00,28.69917139742396,77.34311044560255,73.9030326371853,73.19002778209708
2024-01-29 17:00:00,28.438327912987226,77.04985734709648,77.82052873856779,75.09228732953721
2024-01-29 18:00:00,28.464987030075438,77.07343565834984,51.94456379376403,74.81628441529699
2024-01-29 19:00:00,28.566250843880713,77.0121656766361,21.871553056142776,73.26951979928435
2024-01-29 20:00:00,28.68785614039867,77.08013402293842,26.015028551849507,87.7262163545192
2024-01-29 21:00:00,28.52862906431384,77.11238084319606,61.562038506927806,62.95253257161096
2024-01-29 22:00:00,28.5561993777149,77.31745433980822,54.795972607156266,80.15819923641408
2024-01-29 23:00:00,28.595466907604063,77.06370106838312,43.360557792916666,88.67641271703882
2024-01-30 00:00:00,28.506035788287914,77.03131735568081,67.06269644468205,89.39605831655373
2024-01-30 01:00:00,28.40336225074427,77.38902217204155,62.06749964079572,74.34151075204483
2024-01-30 02:00:00,28.425435835747358,77.38997968959721,74.31591127349802,61.55994064069343
2024-01-30 03:00:00,28.46860943619497,77.38960482606538,52.668235497704764,73.71283161897765
2024-01-30 04:00:00,28.512093837843494,77.28760965244307,68.87366264576514,72.79893895615004
2024-01-30 05:00:00,28.42906538247283,77.21703189550333,74.53409787667,79.27521638619385
2024-01-30 06:00:00,28.672720009251943,77.29576130039595,49.086660994117096,85.40456976084894
2024-01-30 07:00:00,28.63599904198032,77.24000878020517,49.623875359701515,83.84693589037398
2024-01-30 08:00:00,28.452676685107757,77.26717268151847,46.82316029369057,74.23049580970878
2024-01-30 09:00:00,28.5224559670284,77.27336631351962,36.02327849245472,67.21628932136481
2024-01-30 10:00:00,28.46502405426892,77.11819183474859,53.779064908877345,78.96928302804359
2024-01-30 11:00:00,28.40909342344505,77.20863539799504,20.599468151491745,66.05447695561851
2024-01-30 12:00:00,28.693292096143423,77.03598981722058,45.970819902282784,74.6090590093914
2024-01-30 13:00:00,28.635286716708062,77.24670932150715,32.8826768207504,83.81351380771883
2024-01-30 14:00:00,28.455042733700523,77.21371226208838,45.91673315921628,88.15228146476892
2024-01-30 15:00:00,28.51980776948336,77.3045609920005,36.33111182210258,83.7101027066887
2024-01-30 16:00:00,28.431725722225547,77.31933439591434,31.208177674507013,85.61185336900259
2024-01-30 17:00:00,28.59033992533211,77.29183436788168,33.45586085755994,82.09131602437117
2024-01-30 18:00:00,28.407888619681422,77.1274448109517,35.96819140600694,71.87279638994178
2024-01-30 19:00:00,28.440832421173955,77.00165372163453,62.196740985294745,66.19718937857375
2024-01-30 20:00:00,28.621472976624396,77.08149711981096,27.003827488765697,69.04055487410402
2024-01-30 21:00:00,28.582256026186204,77.39344449856289,57.038193711831994,70.5163920880972
2024-01-30 22:00:00,28.502690243563,77.11952355035339,53.63834660784796,74.2074914284012
2024-01-30 23:00:00,28.52005466174991,77.11831201992175,78.95572984775683,87.15115332175961
2024-01-31 00:00:00,28.409343088367713,77.3406495811879,32.45527394580822,70.60402720949445
2024-01-31 01:00:00,28.520916007537018,77.14687825135243,76.89774910082649,81.18672956538782
2024-01-31 02:00:00,28.65790751698486,77.20022567250147,49.67207359331816,65.18877797556758
2024-01-31 03:00:00,28.606861280981867,77.01071016803552,29.024578973738823,69.68067271538159
2024-01-31 04:00:00,28.424024659359517,77.30588989112722,22.345269709099654,87.41651166196866
2024-01-31 05:00:00,28.564831293257807,77.20349245525969,21.773264131293043,84.53709327226375
2024-01-31 06:00:00,28.4953709566553,77.06807152457246,74.93280442101225,70.91965116829992
2024-01-31 07:00:00,28.685008393899636,77.01361917131193,40.00227058366062,69.30576797539482
2024-01-31 08:00:00,28.466693243729445,77.15227927404662,45.77356055677154,64.01647244016631
2024-01-31 09:00:00,28.432155846194203,77.03462785268032,29.53047835387274,61.006975631186386
2024-01-31 10:00:00,28.45543531575406,77.10137161809361,49.43073721611116,61.091473514410886
2024-01-31 11:00:00,28.652558223940137,77.2027099731767,46.648111627531186,80.93825134471774
2024-01-31 12:00:00,28.525405199787265,77.3298455274631,75.82489416331316,71.61534636487022
2024-01-31 13:00:00,28.505092839825373,77.16375509107034,20.86010600382607,89.20911129098272
2024-01-31 14:00:00,28.510569255537284,77.02333742317259,50.723707326589015,87.71273148055447
2024-01-31 15:00:00,28.54206952541675,77.3018047846649,30.76537541552287,77.77735281005386
2024-01-31 16:00:00,28.53064916164993,77.18410187371015,42.84548729074904,77.42360123635547
2024-01-31 17:00:00,28.505069375631507,77.14803318785084,78.80136367388965,78.59092401040837
2024-01-31 18:00:00,28.406291509519036,77.32390462705088,31.57180047537722,76.64397990825472
2024-01-31 19:00:00,28.605102326916626,77.17766066434176,52.68993335668019,89.83484327432832
2024-01-31 20:00:00,28.635425588185907,77.12122176082991,45.73154232863082,65.11096309224125
2024-01-31 21:00:00,28.648518710427073,77.20445730878261,75.58857972422953,78.71615691190267
2024-01-31 22:00:00,28.517789866296006,77.13800558699867,75.80112621263406,86.49901229604022
2024-01-31 23:00:00,28.404556835256017,77.12364447478912,48.82561706979367,75.94456714300563
2024-02-01 00:00:00,28.433719308132442,77.33762304985184,52.843321742013515,72.14244455711908
2024-02-01 01:00:00,28.652017285358056,77.28884554163325,27.539495575838682,89.9562910625805
2024-02-01 02:00:00,28.45715306278362,77.0089432733233,27.639677965102983,61.66386579672668
2024-02-01 03:00:00,28.698710592075837,77.02561686374369,55.013377849986995,70.93867126261395
2024-02-01 04:00:00,28.591459815984784,77.34425776058642,55.364007569113674,64.4907042376294
2024-02-01 05:00:00,28.57124811504001,77.35886151853946,65.41739254316224,70.15227556191464
2024-02-01 06:00:00,28.68493398064933,77.39894424566715,45.36206535980054,75.86093316273664
2024-02-01 07:00:00,28.649770648809792,77.12001468871195,63.40102103053282,77.55303131424007
2024-02-01 08:00:00,28.573198208260383,77.38463501887048,25.70687582994733,89.24621180140424
2024-02-01 09:00:00,28.49823090079426,77.3569165978157,74.99752751299542,81.88022088916111
2024-02-01 10:00:00,28.691292377699124,77.0477361882819,29.596230211580853,68.29546393236824
2024-02-01 11:00:00,28.679046812202966,77.27739343802132,28.510981826091598,82.15775641157647
2024-02-01 12:00:00,28.463953469442824,77.31878795468187,48.4386258283269,77.8236914007549
2024-02-01 13:00:00,28.635372905089575,77.23814971623338,72.49684201504769,65.41202955716871
2024-02-01 14:00:00,28.630039271939673,77.22202892486668,62.491811282302564,74.14483127937899
2024-02-01 15:00:00,28.4174827527746,77.32107756309082,75.59396675549934,88.14175973078838
2024-02-01 16:00:00,28.529574087317965,77.01758430177999,66.89386008763526,69.828906030643
2024-02-01 17:00:00,28.651692247973127,77.34680544472886,44.220521329589154,83.37242306360396
2024-02-01 18:00:00,28.57026174280674,77.09414549878096,72.26607398274241,71.70941170867445
2024-02-01 19:00:00,28.511416223774432,77.13579400668287,32.81092900838932,66.30219267730209
2024-02-01 20:00:00,28.55260133270029,77.02627863836365,63.42981166784902,79.23288120995082
2024-02-01 21:00:00,28.576805411500914,77.19582370652549,68.9518324247589,70.41601080944774
2024-02-01 22:00:00,28.692784616663282,77.21569961624887,77.98270146489224,88.57872435068526
2024-02-01 23:00:00,28.571377315631292,77.29876240617537,20.940053705834895,60.58783604647165
2024-02-02 00:00:00,28.47395901284419,77.04083793130052,20.08929427562048,73.40792615009903
2024-02-02 01:00:00,28.496462879146307,77.34039090066732,77.96203805937807,88.16551008234609
2024-02-02 02:00:00,28.407925955629274,77.09108839667516,33.22951170751634,73.71505724023632
2024-02-02 03:00:00,28.672714797803742,77.15115340414675,76.78882693936848,66.13192148234785
2024-02-02 04:00:00,28.504873093276835,77.06924388728109,71.04833492435455,67.20761454115356
2024-02-02 05:00:00,28.4947712220307,77.38037927447543,75.74449602770525,74.60132343003366
2024-02-02 06:00:00,28.645204109095573,77.09842373470975,78.22842830129144,71.76641260842683
2024-02-02 07:00:00,28.640000102439995,77.26583484721515,76.94842960024798,84.26008212461674
2024-02-02 08:00:00,28.674566112305545,77.30557329162802,22.977258080274275,77.83966050732428
2024-02-02 09:00:00,28.4707379300187,77.23768216144538,53.92106827719639,84.97167755865075
2024-02-02 10:00:00,28.585171700028944,77.21431848512478,49.200264251341984,89.1574046778606
2024-02-02 11:00:00,28.622441512632225,77.35145981427286,68.95985653558736,77.3513497113623
2024-02-02 12:00:00,28.50569596559081,77.37446074409876,64.17595583872045,64.17943597632421
2024-02-02 13:00:00,28.59876401304837,77.36461285395842,25.504853269434996,89.0598167886856
2024-02-02 14:00:00,28.529615344412246,77.18623274791084,73.41298232615176,89.45305018318234
2024-02-02 15:00:00,28.54744412586881,77.39140121611837,22.15431949690562,83.75003269539461
2024-02-02 16:00:00,28.61934920084609,77.30600556192887,32.573598324285484,77.76140040767277
2024-02-02 17:00:00,28.486087445414512,77.08605069978925,21.092366846475304,67.06928483006307
2024-02-02 18:00:00,28.697018953100034,77.09839271472491,20.925521820994465,81.96387890468066
2024-02-02 19:00:00,28.427487952537746,77.05318111062098,53.9190344109317,70.44160501078912
2024-02-02 20:00:00,28.611714284390757,77.27432966351397,78.3251876592572,81.57024490033226
2024-02-02 21:00:00,28.473250109393426,77.22153016120268,65.39401869539165,70.84974795138582
2024-02-02 22:00:00,28.617718789242122,77.1648433621251,65.79783419702122,70.19694726741605
2024-02-02 23:00:00,28.414020086567522,77.07654478168901,38.88286172001799,86.53462367936353
2024-02-03 00:00:00,28.44790950273098,77.05453100320362,20.012439377783423,67.44520230876444
2024-02-03 01:00:00,28.471942405293333,77.03539539566552,78.90636864120259,67.15073070130352
2024-02-03 02:00:00,28.66144525598616,77.13150289698243,60.68314453656737,76.32746771047096
2024-02-03 03:00:00,28.535166953145787,77.17598504597119,64.62485777806118,79.22579785870727
2024-02-03 04:00:00,28.478815171761767,77.0768148792849,28.713366118508844,70.33820313292787
2024-02-03 05:00:00,28.56239830153708,77.1866651326288,59.362131927987555,82.80848210722566
2024-02-03 06:00:00,28.609600997674278,77.14177336486777,74.15243476297027,73.20130558657786
2024-02-03 07:00:00,28.625453421366547,77.33645564457328,52.006312335542795,78.81626993860829
2024-02-03 08:00:00,28.51280993496905,77.2174396861639,50.38103642990813,74.26364488307335
2024-02-03 09:00:00,28.576207659928404,77.39481728311159,37.65667053784384,82.64056826228824
2024-02-03 10:00:00,28.46714546745206,77.0038358574092,66.03689359350781,65.70310762301753
2024-02-03 11:00:00,28.603537954632284,77.03245538737148,62.07009063149877,68.65824628408915
2024-02-03 12:00:00,28.538441771028335,77.38983495330763,20.635970184152008,78.61630438083355
2024-02-03 13:00:00,28.580357754421275,77.15881092528022,43.85143237758916,61.45112156699509
2024-02-03 14:00:00,28.59662594571974,77.2904774467062,63.70723706648475,86.91621722249079
2024-02-03 15:00:00,28.497172824191402,77.21334902008499,64.87356713407112,62.29672151886555
2024-02-03 16:00:00,28.664971853138614,77.15599574061825,39.37617338563166,85.2158057198378
2024-02-03 17:00:00,28.554974727063236,77.0572754017212,58.78052444864513,88.58474792919017
2024-02-03 18:00:00,28.535756729523396,77.04073553257139,73.88494615832757,84.87841774831628
2024-02-03 19:00:00,28.570582692958805,77.08674920821285,46.6171616212107,61.25958987715147
2024-02-03 20:00:00,28.65363677060603,77.14777625017885,20.20201194873311,63.19660226613199
2024-02-03 21:00:00,28.6930319155681,77.15376044441136,71.4574356621336,63.67595437689881
2024-02-03 22:00:00,28.43967907736917,77.32013016430896,26.577427533088162,88.0272829713517
2024-02-03 23:00:00,28.54814810306628,77.04717058911187,76.36778461909321,76.02283375676038
2024-02-04 00:00:00,28.685116330680685,77.36744775603236,57.793531289455395,63.2976083149075
2024-02-04 01:00:00,28.611732130225313,77.24650588982311,33.05656017940535,63.76794102462141
2024-02-04 02:00:00,28.6690840584001,77.24091244029268,28.082403694137074,66.2104991031633
2024-02-04 03:00:00,28.403528419560622,77.36066556710684,71.08837830523615,79.43175481422006
2024-02-04 04:00:00,28.411585247426437,77.09201317743974,20.86658535873641,63.46381831365524
2024-02-04 05:00:00,28.50990401013637,77.32411803380262,32.6888292171317,68.53587516916045
2024-02-04 06:00:00,28.529672539730296,77.24218830785733,51.518327643134114,66.89840382514342
2024-02-04 07:00:00,28.500476962108436,77.17869216712057,44.776389033522484,85.55045571535348
2024-02-04 08:00:00,28.6070247827392,77.19876304649205,46.04045283972984,85.33259579407267
2024-02-04 09:00:00,28.553934349008873,77.15998719022113,57.95469697250269,84.81295152789806
2024-02-04 10:00:00,28.49177509262141,77.2747137515427,32.83303105831027,72.01776916361456
2024-02-04 11:00:00,28.676437234163966,77.34468039349994,38.13571845584866,62.27471362594181
2024-02-04 12:00:00,28.512837662787504,77.37249033869944,50.44575319750206,79.52426579189714
2024-02-04 13:00:00,28.587660898165165,77.16084837614713,60.212690344520446,73.59476646985615
2024-02-04 14:00:00,28.675528158923612,77.24470441777217,77.71734573483324,79.73343936159746
2024-02-04 15:00:00,28.62988207244101,77.06768844224749,76.22449461999177,70.87323072936911
2024-02-04 16:00:00,28.502844068803753,77.28270960942223,47.615356968251426,86.89244627718179
2024-02-04 17:00:00,28.670342119664426,77.18716981049772,79.9255483986271,80.8696775650252
2024-02-04 18:00:00,28.635765376971772,77.32566303873448,70.79706019954753,75.7971555943182
2024-02-04 19:00:00,28.467543346487453,77.20346970172342,58.50827989843317,73.22795879196933
2024-02-04 20:00:00,28.565935829512057,77.21225381819387,35.56330736937731,70.41367387060929
2024-02-04 21:00:00,28.661448532811033,77.12103940762333,25.216292265529724,63.49540865390349
2024-02-04 22:00:00,28.538089940717548,77.27706901258627,63.018303190242904,89.45971581035559
2024-02-04 23:00:00,28.432447612372094,77.26906386005331,36.939984558727076,81.54661292074579
2024-02-05 00:00:00,28.497328034037192,77.10404285566896,65.90804753797221,82.42399206915005
2024-02-05 01:00:00,28.414244983951257,77.2288114935501,63.774604412959235,80.32122518591187
2024-02-05 02:00:00,28.511823653070802,77.00107608483734,56.65454829877974,65.14508299994314
2024-02-05 03:00:00,28.6290780403442,77.33398830671825,47.18243240951973,62.523998507528205
2024-02-05 04:00:00,28.570506954859756,77.15491333776528,37.291247653768934,69.01436206793616
2024-02-05 05:00:00,28.4005990955175,77.30910474210674,47.589098203290476,89.03738925015406
2024-02-05 06:00:00,28.533587460149544,77.35191745895293,58.37348781605098,71.19914173848362
2024-02-05 07:00:00,28.523262645493457,77.14825782812376,58.63084533014579,85.62013636698924
2024-02-05 08:00:00,28.48111858833639,77.1200421104835,75.18264539338475,83.04429209578737
2024-02-05 09:00:00,28.60120033207832,77.35157673640937,21.764763975125813,82.25606830914559
2024-02-05 10:00:00,28.475936418108105,77.2310370522249,21.43583075682412,65.5294809382091
2024-02-05 11:00:00,28.48853578005063,77.13554619558003,36.254098561280216,70.42562363922961
2024-02-05 12:00:00,28.465018027464453,77.26360442572,35.86877413467285,89.66255020218505
2024-02-05 13:00:00,28.42581993888187,77.10630177183553,27.254700449181623,78.11407915776454
2024-02-05 14:00:00,28.44085073528535,77.2433634417757,20.42089622151536,68.60633569610076
2024-02-05 15:00:00,28.637534007705657,77.1696903391752,66.32008618287765,78.49968052052792
2024-02-05 16:00:00,28.681090231261795,77.310973781662,61.55914846636344,67.84352007990759
2024-02-05 17:00:00,28.64981856504589,77.32762264687948,26.1265375226293,72.33442841266434
2024-02-05 18:00:00,28.555464436405607,77.16937645023435,68.06105909382637,79.81207455406671
2024-02-05 19:00:00,28.509270011599945,77.30256024398014,76.59350099246831,82.97536302840123
2024-02-05 20:00:00,28.653357871194235,77.3960008896909,49.732665447029405,88.90020666237163
2024-02-05 21:00:00,28.48492332594644,77.10886567350757,61.08411655877838,75.97673093772164
2024-02-05 22:00:00,28.48173520221933,77.31502450894524,72.37781875757594,87.45111324001182
2024-02-05 23:00:00,28.65277083476894,77.1890844197209,39.30854859338043,62.77879954620662
2024-02-06 00:00:00,28.614055994359365,77.02657239052353,62.70275158772605,70.72093905612753
2024-02-06 01:00:00,28.542088767861703,77.25112175340222,35.355142813089536,87.54666404522665
2024-02-06 02:00:00,28.446668442740975,77.07615529083596,64.68859695803724,64.35136906949025
2024-02-06 03:00:00,28.69600079715418,77.23153297931435,59.245479531318864,69.60330221598497
2024-02-06 04:00:00,28.48938840536034,77.19572671706585,44.12277769151427,79.2938245253473
2024-02-06 05:00:00,28.67829607318926,77.0379500267519,28.310728737896877,75.26439727497774
2024-02-06 06:00:00,28.698737453812395,77.38443842914137,53.556328554890925,71.94322837490238
2024-02-06 07:00:00,28.66125881110196,77.09125796580199,61.73804617216214,89.1367635140254
2024-02-06 08:00:00,28.481492964224525,77.28874425429255,72.51984699285805,68.46360334066735
2024-02-06 09:00:00,28.6261313265139,77.10972523714007,28.72643111155569,83.56967123827434
2024-02-06 10:00:00,28.53147932122691,77.31037700801726,36.73246082275088,77.12512678830484
2024-02-06 11:00:00,28.416804498487057,77.25252600544871,40.10520882034713,89.2766726573955
2024-02-06 12:00:00,28.450909602633516,77.35394903071932,65.35280270819679,74.56473850060728
2024-02-06 13:00:00,28.687823860883814,77.39868784720291,39.232811780505756,83.3138323357404
2024-02-06 14:00:00,28.517021981887073,77.28789833623443,77.59759908341917,66.58110954407358
2024-02-06 15:00:00,28.490461498557863,77.15292078965689,73.37411464215953,74.07359596361484
2024-02-06 16:00:00,28.653856007986708,77.05148989594801,68.11937789266928,83.64734464673789
2024-02-06 17:00:00,28.612192639835573,77.11613039119567,48.59703432233884,65.49038621624096
2024-02-06 18:00:00,28.400413010482758,77.08412924860039,37.456793757264265,82.18519289441241
2024-02-06 19:00:00,28.685486797140904,77.17003289866929,43.55646671131585,83.31510613987564
2024-02-06 20:00:00,28.520485232441327,77.28099816352996,29.874598478964085,77.29014785996685
2024-02-06 21:00:00,28.48759073472758,77.15287533350909,52.856910145491995,81.19183354183677
2024-02-06 22:00:00,28.40899882123718,77.22358196232622,22.317788544462566,60.00417628596857
2024-02-06 23:00:00,28.691488579489906,77.06056525625108,79.3437267512036,68.34421063104882
2024-02-07 00:00:00,28.60385160654635,77.38276480109046,64.72772717108612,83.51607003787848
2024-02-07 01:00:00,28.643845442477243,77.26961465745516,40.1495028221699,83.50532009122378
2024-02-07 02:00:00,28.499891003767775,77.36486081303407,39.375097599556895,89.89276677006993
2024-02-07 03:00:00,28.407783641021666,77.37707569633464,52.78846606944507,62.14584686174578
2024-02-07 04:00:00,28.510313248039925,77.31355553470641,77.40919759928872,77.47803355553421
2024-02-07 05:00:00,28.56827703323646,77.13167413521474,21.762613822940114,62.896744610754354
2024-02-07 06:00:00,28.699066933466717,77.33381995045873,36.87438420543262,77.284199370518
2024-02-07 07:00:00,28.51263286120459,77.15372112407186,77.38224226094441,69.18347801371888
2024-02-07 08:00:00,28.604670712319347,77.21602982447114,38.58888406346426,80.94013870143928
2024-02-07 09:00:00,28.543544240464204,77.178650224982,74.1868564230281,75.5110059323645
2024-02-07 10:00:00,28.49870783566562,77.1195380270059,39.43146703496493,86.88073215817475
2024-02-07 11:00:00,28.447982338525506,77.1001687889816,44.26356491303582,80.0078070679049
2024-02-07 12:00:00,28.695532870352235,77.12139152584342,22.42166840854918,86.82250085713744
2024-02-07 13:00:00,28.4624085316083,77.06065636208145,67.18227916115859,76.68283156061194
2024-02-07 14:00:00,28.63470303143064,77.13169025755478,71.50953865433434,78.49431481093302
2024-02-07 15:00:00,28.629050319186533,77.1972919993725,62.82691097994002,84.39504529443204
2024-02-07 16:00:00,28.692485717058045,77.38619623817824,71.97290091159178,76.46443863025945
2024-02-07 17:00:00,28.578853908394702,77.06264558010679,22.86245056408298,70.39436524435342
2024-02-07 18:00:00,28.479953374140507,77.29462123990886,47.15983055690927,84.33987570073859
2024-02-07 19:00:00,28.577366251145406,77.39548239287045,53.42469820534957,62.9567558387834
2024-02-07 20:00:00,28.51751404007031,77.29206488655514,55.0952793467916,83.81279659696467
2024-02-07 21:00:00,28.6677119611202,77.05991947310844,27.15194118395708,87.54583974705882
2024-02-07 22:00:00,28.61922932210131,77.38094863063935,79.96596110045749,82.91078963138298
2024-02-07 23:00:00,28.63619833816447,77.39815476739203,29.67149574367114,61.24961607426038
2024-02-08 00:00:00,28.46514335200486,77.13350358043434,47.81679749156328,82.10970567748724
2024-02-08 01:00:00,28.519029993272735,77.10216222264773,78.39912446645224,64.71625726983878
2024-02-08 02:00:00,28.509612359726386,77.07580858986249,51.86343953503622,75.69252415223383
2024-02-08 03:00:00,28.488042948886413,77.03130075091102,31.05482309476582,60.162294059841756
2024-02-08 04:00:00,28.672846297068237,77.14481037388173,28.18872483003492,85.41088493778659
2024-02-08 05:00:00,28.414979152647987,77.37938832732829,58.71226571046636,60.93159140263916
2024-02-08 06:00:00,28.68323797397453,77.22064057386058,43.24498474913753,84.73595171265882
2024-02-08 07:00:00,28.4518249942199,77.00942234982851,51.36557815594239,88.43660426321725
2024-02-08 08:00:00,28.60321410519308,77.37152518257383,41.58859448767697,63.34046938732009
2024-02-08 09:00:00,28.69428127008426,77.15983404456843,33.34388167294418,75.28337902575402
2024-02-08 10:00:00,28.63365579832299,77.27922067829232,76.48958082802991,76.20728062724152
2024-02-08 11:00:00,28.516584016121442,77.02489707883622,48.5153378820512,61.92044002266107
2024-02-08 12:00:00,28.665906355576748,77.10675086200787,68.94755107085311,88.72528639545551
2024-02-08 13:00:00,28.54580084087335,77.36004438431056,20.74434193290239,85.19159681500668
2024-02-08 14:00:00,28.40784424234349,77.15790385821826,43.94061852201467,75.28830220094824
2024-02-08 15:00:00,28.61931438001227,77.01787142646927,60.658688170375754,83.39661039917132
2024-02-08 16:00:00,28.406280472916652,77.05578508848056,37.271820775783,77.6326342152087
2024-02-08 17:00:00,28.655421819347655,77.09121812755143,21.372651707688338,84.86383997096478
2024-02-08 18:00:00,28.574820846516964,77.220990054223,48.81185242611321,69.65030592275757
2024-02-08 19:00:00,28.4663791780372,77.34613572598647,65.38009544678991,66.41530646422248
2024-02-08 20:00:00,28.51594793205829,77.01919835235083,26.711327750972764,83.9861313476397
2024-02-08 21:00:00,28.62860955073931,77.15139027096416,52.46771273024787,76.67047493239392
2024-02-08 22:00:00,28.678972406195452,77.21311221009701,33.049357636740524,86.81666817506547
2024-02-08 23:00:00,28.564238831126815,77.32933787078392,54.49039542251591,68.34409270059837
2024-02-09 00:00:00,28.531789209253002,77.3537843788334,37.57873298846746,68.4948301626174
2024-02-09 01:00:00,28.446288284834775,77.20441742297098,42.19186397824811,71.39301130907103
2024-02-09 02:00:00,28.684060491584045,77.37760427218254,23.720120104581678,76.40176978526537
2024-02-09 03:00:00,28.471875021788357,77.2666069746322,43.94040384541135,87.06405581649602
2024-02-09 04:00:00,28.694382326331873,77.39783504628839,33.63630119819674,62.271365803126805
2024-02-09 05:00:00,28.438818441304196,77.20502972392325,77.67345114577333,83.94768525120284
2024-02-09 06:00:00,28.4119983328263,77.08234762059634,49.34375411340753,71.30971411927554
2024-02-09 07:00:00,28.407685311685704,77.14887966687974,76.00918426422984,70.30847509392231
2024-02-09 08:00:00,28.64891011840613,77.33244716285014,51.556317761991664,61.60782887218405
2024-02-09 09:00:00,28.466985403344662,77.1661470070607,64.89912793670297,82.49877915604071
2024-02-09 10:00:00,28.53274809647247,77.31084662572519,37.994669005540715,84.55730597430068
2024-02-09 11:00:00,28.405175057149656,77.2025957951295,22.275178299009518,89.98996476246046
2024-02-09 12:00:00,28.565270787947618,77.0462207594237,64.77352847948771,76.99707223476365
2024-02-09 13:00:00,28.557810575303943,77.21592386955422,47.69932218347623,61.75451728584169
2024-02-09 14:00:00,28.546409720853486,77.08855873101932,33.14136454802039,84.75619503482426
2024-02-09 15:00:00,28.494405013800833,77.16198991748328,69.90818451299134,78.90412897785706
2024-02-09 16:00:00,28.48667113599401,77.35157499223827,53.21825343730427,81.7197598635024
2024-02-09 17:00:00,28.526058129955405,77.0865421461533,77.93471437030848,86.87474610864396
2024-02-09 18:00:00,28.58438986787404,77.22767746783944,77.02180398086423,74.61178483006228
2024-02-09 19:00:00,28.43388055656098,77.21355050697201,34.519191810620775,86.7423975823142
2024-02-09 20:00:00,28.511902623000985,77.10160094106796,20.866683465769217,66.38746774198871
2024-02-09 21:00:00,28.5067227009415,77.10391762649951,54.353016004050026,88.30009615392916
2024-02-09 22:00:00,28.672242236015528,77.39832445384918,51.643371609506275,73.56590751634327
2024-02-09 23:00:00,28.518974657701552,77.21475557736885,45.986219858482514,82.51557544212682
2024-02-10 00:00:00,28.63181362259367,77.01268221252072,27.090467178306564,84.591902454106
2024-02-10 01:00:00,28.622019932736848,77.32234662743049,61.695875676683265,81.42453328588178
2024-02-10 02:00:00,28.639915942729765,77.24416858828256,72.44259267493995,80.97511445684805
2024-02-10 03:00:00,28.63374887538418,77.31774276952638,20.292032147581438,84.46976446308834
2024-02-10 04:00:00,28.658341273215775,77.37674822403825,48.27991690555,61.209213849100664
2024-02-10 05:00:00,28.410915315345928,77.260639498082,63.832400963209,89.81736157980015
2024-02-10 06:00:00,28.401021066005292,77.34319415193588,35.34407174920521,81.02884260133065
2024-02-10 07:00:00,28.585069083223072,77.32266154963139,29.5893628477969,74.42320349131431
2024-02-10 08:00:00,28.51605472453024,77.12798216805196,68.08129869025578,82.88569922430375
2024-02-10 09:00:00,28.45808370796821,77.0871901095773,38.45422837883313,70.86454284284835
2024-02-10 10:00:00,28.444408788324623,77.14447726586751,55.720167476732016,87.08831934046644
2024-02-10 11:00:00,28.525867100511352,77.27653654577796,49.541870214317285,65.45624464426044
2024-02-10 12:00:00,28.63244523169264,77.00122212416596,69.80982669091063,79.41342956573507
2024-02-10 13:00:00,28.63395142813733,77.01916569196288,72.70785885315243,84.1945662343876
2024-02-10 14:00:00,28.51015259477706,77.03017732714316,55.402148591514774,80.95761503534823
2024-02-10 15:00:00,28.428308475072686,77.14627856047241,42.59189538465547,88.97882909599545
2024-02-10 16:00:00,28.402004089457368,77.24489352614793,79.57209275304056,78.57480589414114
2024-02-10 17:00:00,28.424218340154766,77.38683795193339,24.0122640188355,72.53676992626629
2024-02-10 18:00:00,28.43778544842485,77.03152227182842,24.5425297726675,78.2796999098463
2024-02-10 19:00:00,28.664816941127647,77.1615644065495,41.11103808131422,86.88000907447524
2024-02-10 20:00:00,28.69715997484498,77.23104109592488,21.751346943479838,63.84638442543252
2024-02-10 21:00:00,28.54181740254615,77.38419740154538,36.25754456970559,74.19740215887819
2024-02-10 22:00:00,28.662687899430544,77.09070375090403,68.10497566397729,87.12809658463442
2024-02-10 23:00:00,28.402325444152225,77.11937287186323,21.70728548526245,85.13882941806344
2024-02-11 00:00:00,28.46782080782335,77.22071132087245,71.15740657142123,71.85842312142314
2024-02-11 01:00:00,28.51187135527369,77.03252251470074,50.81044459785757,79.32894516952251
2024-02-11 02:00:00,28.613017577558285,77.24122240048378,23.98341113159168,77.5973043604706
2024-02-11 03:00:00,28.672951454956284,77.02991590272595,39.046452780011734,71.97633106717431
2024-02-11 04:00:00,28.693915133070554,77.08068201701482,30.325945266040044,85.822042285186
2024-02-11 05:00:00,28.66878134439407,77.33525038838079,72.89611800669181,88.66536868861766
2024-02-11 06:00:00,28.5061423565479,77.16606419780831,43.323658858417204,60.76251546416022
2024-02-11 07:00:00,28.493483485257315,77.09705145593306,39.771410765907476,87.17837446200272
2024-02-11 08:00:00,28.639626170264663,77.19765692036792,64.64756720022551,65.37932971733157
2024-02-11 09:00:00,28.581601930750548,77.25413353713687,77.43950829657507,61.91649120889919
2024-02-11 10:00:00,28.6359787666459,77.31584113042004,22.627449619773337,65.08963200016191
2024-02-11 11:00:00,28.61494881687971,77.25566435376349,30.63103215643075,67.471196497619
2024-02-11 12:00:00,28.623748024855182,77.28831615991486,48.17696440656311,78.05513121036503
2024-02-11 13:00:00,28.462412463016584,77.36507183519325,60.85648815019669,66.30213077353882
2024-02-11 14:00:00,28.553048864108984,77.28949469550057,61.60648379671194,62.91141472964115
2024-02-11 15:00:00,28.465577828022038,77.03114422375455,53.6913461746313,85.68896440768336
